Year,Week.Number,Day,Terminal,Terminal.Name,Division,PCL.Del.Pcs.N,Agent.Del.Pcs.N,Total.Del.Pcs.N
2026,1,1,12,TORONTO WEST,GREATER TORONTO AREA,630,176,795
2026,1,2,12,TORONTO WEST,GREATER TORONTO AREA,14335,4153,19195
2026,1,3,12,TORONTO WEST,GREATER TORONTO AREA,17463,5134,21638
2026,1,4,12,TORONTO WEST,GREATER TORONTO AREA,13055,3492,16937
2026,1,5,12,TORONTO WEST,GREATER TORONTO AREA,13150,4342,16763
2026,1,6,12,TORONTO WEST,GREATER TORONTO AREA,10859,3499,13783
2026,1,7,12,TORONTO WEST,GREATER TORONTO AREA,1209,364,1704
2026,1,1,40,NORTH BAY,NORTH EASTERN ONTARIO,595,187,764
2026,1,2,40,NORTH BAY,NORTH EASTERN ONTARIO,14504,3917,17579
2026,1,3,40,NORTH BAY,NORTH EASTERN ONTARIO,14465,4263,18320
2026,1,4,40,NORTH BAY,NORTH EASTERN ONTARIO,13607,3795,18100
2026,1,5,40,NORTH BAY,NORTH EASTERN ONTARIO,13373,3499,16257
2026,1,6,40,NORTH BAY,NORTH EASTERN ONTARIO,6298,1940,8119
2026,1,7,40,NORTH BAY,NORTH EASTERN ONTARIO,1310,401,1809
2026,1,1,41,SAULT STE MARIE,NORTH EASTERN ONTARIO,558,157,713
2026,1,2,41,SAULT STE MARIE,NORTH EASTERN ONTARIO,12457,3545,15207
2026,1,3,41,SAULT STE MARIE,NORTH EASTERN ONTARIO,8429,2656,11589
2026,1,4,41,SAULT STE MARIE,NORTH EASTERN ONTARIO,16148,4972,21041
2026,1,5,41,SAULT STE MARIE,NORTH EASTERN ONTARIO,15243,4761,21145
2026,1,6,41,SAULT STE MARIE,NORTH EASTERN ONTARIO,5401,1744,7164
2026,1,7,41,SAULT STE MARIE,NORTH EASTERN ONTARIO,934,279,1200
2026,1,1,101,TERMINAL ALPHA,GREATER TORONTO AREA,514,165,700
2026,1,2,101,TERMINAL ALPHA,GREATER TORONTO AREA,13421,3883,17750
2026,1,3,101,TERMINAL ALPHA,GREATER TORONTO AREA,12630,3489,16419
2026,1,4,101,TERMINAL ALPHA,GREATER TORONTO AREA,10092,3175,13206
2026,1,5,101,TERMINAL ALPHA,GREATER TORONTO AREA,13494,4100,17833
2026,1,6,101,TERMINAL ALPHA,GREATER TORONTO AREA,8203,2556,10893
2026,1,7,101,TERMINAL ALPHA,GREATER TORONTO AREA,1183,312,1552
2026,1,1,102,TERMINAL BETA,ATLANTIC,391,127,507
2026,1,2,102,TERMINAL BETA,ATLANTIC,15572,5048,21463
2026,1,3,102,TERMINAL BETA,ATLANTIC,15566,4543,21266
2026,1,4,102,TERMINAL BETA,ATLANTIC,15905,4602,21843
2026,1,5,102,TERMINAL BETA,ATLANTIC,14270,3844,17634
2026,1,6,102,TERMINAL BETA,ATLANTIC,8699,2472,10721
2026,1,7,102,TERMINAL BETA,ATLANTIC,1148,373,1570
2026,1,1,201,TERMINAL GAMMA,PACIFIC,454,147,588
2026,1,2,201,TERMINAL GAMMA,PACIFIC,11304,3340,14734
2026,1,3,201,TERMINAL GAMMA,PACIFIC,8883,2756,11513
2026,1,4,201,TERMINAL GAMMA,PACIFIC,8601,2726,11194
2026,1,5,201,TERMINAL GAMMA,PACIFIC,10371,3188,13244
2026,1,6,201,TERMINAL GAMMA,PACIFIC,7805,2182,10595
2026,1,7,201,TERMINAL GAMMA,PACIFIC,1458,395,1847
2026,1,1,301,TERMINAL DELTA,PRAIRIES,525,146,724
2026,1,2,301,TERMINAL DELTA,PRAIRIES,17295,5608,22306
2026,1,3,301,TERMINAL DELTA,PRAIRIES,13572,3993,16644
2026,1,4,301,TERMINAL DELTA,PRAIRIES,11363,3509,14165
2026,1,5,301,TERMINAL DELTA,PRAIRIES,12091,3551,15617
2026,1,6,301,TERMINAL DELTA,PRAIRIES,8284,2616,10584
2026,1,7,301,TERMINAL DELTA,PRAIRIES,1310,378,1725
2026,1,1,401,TERMINAL EPSILON,QUEBEC,601,174,831
2026,1,2,401,TERMINAL EPSILON,QUEBEC,10444,3423,14136
2026,1,3,401,TERMINAL EPSILON,QUEBEC,8411,2452,11000
2026,1,4,401,TERMINAL EPSILON,QUEBEC,9877,2751,12955
2026,1,5,401,TERMINAL EPSILON,QUEBEC,12564,3640,15746
2026,1,6,401,TERMINAL EPSILON,QUEBEC,9717,2742,11883
2026,1,7,401,TERMINAL EPSILON,QUEBEC,1450,458,1765
2026,2,1,12,TORONTO WEST,GREATER TORONTO AREA,556,153,684
2026,2,2,12,TORONTO WEST,GREATER TORONTO AREA,15108,4842,19725
2026,2,3,12,TORONTO WEST,GREATER TORONTO AREA,12386,4250,16688
2026,2,4,12,TORONTO WEST,GREATER TORONTO AREA,13058,4103,17220
2026,2,5,12,TORONTO WEST,GREATER TORONTO AREA,11062,3528,14543
2026,2,6,12,TORONTO WEST,GREATER TORONTO AREA,11774,3435,15386
2026,2,7,12,TORONTO WEST,GREATER TORONTO AREA,1157,367,1526
2026,2,1,40,NORTH BAY,NORTH EASTERN ONTARIO,401,116,552
2026,2,2,40,NORTH BAY,NORTH EASTERN ONTARIO,16028,5167,19938
2026,2,3,40,NORTH BAY,NORTH EASTERN ONTARIO,10346,3069,12996
2026,2,4,40,NORTH BAY,NORTH EASTERN ONTARIO,14205,4439,18740
2026,2,5,40,NORTH BAY,NORTH EASTERN ONTARIO,11130,3000,13272
2026,2,6,40,NORTH BAY,NORTH EASTERN ONTARIO,7592,2495,9797
2026,2,7,40,NORTH BAY,NORTH EASTERN ONTARIO,1571,526,2043
2026,2,1,41,SAULT STE MARIE,NORTH EASTERN ONTARIO,422,123,555
2026,2,2,41,SAULT STE MARIE,NORTH EASTERN ONTARIO,15670,4913,19513
2026,2,3,41,SAULT STE MARIE,NORTH EASTERN ONTARIO,10096,2859,13169
2026,2,4,41,SAULT STE MARIE,NORTH EASTERN ONTARIO,15808,4932,21835
2026,2,5,41,SAULT STE MARIE,NORTH EASTERN ONTARIO,9218,2799,12035
2026,2,6,41,SAULT STE MARIE,NORTH EASTERN ONTARIO,6468,1991,8625
2026,2,7,41,SAULT STE MARIE,NORTH EASTERN ONTARIO,1438,426,1939
2026,2,1,101,TERMINAL ALPHA,GREATER TORONTO AREA,467,133,602
2026,2,2,101,TERMINAL ALPHA,GREATER TORONTO AREA,17446,5629,23309
2026,2,3,101,TERMINAL ALPHA,GREATER TORONTO AREA,11362,3280,15112
2026,2,4,101,TERMINAL ALPHA,GREATER TORONTO AREA,13927,4127,19110
2026,2,5,101,TERMINAL ALPHA,GREATER TORONTO AREA,10228,2902,13493
2026,2,6,101,TERMINAL ALPHA,GREATER TORONTO AREA,6220,1766,7874
2026,2,7,101,TERMINAL ALPHA,GREATER TORONTO AREA,1190,401,1516
2026,2,1,102,TERMINAL BETA,ATLANTIC,544,165,706
2026,2,2,102,TERMINAL BETA,ATLANTIC,12109,3788,15446
2026,2,3,102,TERMINAL BETA,ATLANTIC,12811,3788,16777
2026,2,4,102,TERMINAL BETA,ATLANTIC,14112,3987,18645
2026,2,5,102,TERMINAL BETA,ATLANTIC,14437,4021,19065
2026,2,6,102,TERMINAL BETA,ATLANTIC,9050,3016,12064
2026,2,7,102,TERMINAL BETA,ATLANTIC,939,277,1236
2026,2,1,201,TERMINAL GAMMA,PACIFIC,455,143,599
2026,2,2,201,TERMINAL GAMMA,PACIFIC,10532,2955,13909
2026,2,3,201,TERMINAL GAMMA,PACIFIC,13318,3811,16655
2026,2,4,201,TERMINAL GAMMA,PACIFIC,9624,2936,12249
2026,2,5,201,TERMINAL GAMMA,PACIFIC,15335,4414,19643
2026,2,6,201,TERMINAL GAMMA,PACIFIC,10752,3038,14550
2026,2,7,201,TERMINAL GAMMA,PACIFIC,1049,305,1388
2026,2,1,301,TERMINAL DELTA,PRAIRIES,437,124,586
2026,2,2,301,TERMINAL DELTA,PRAIRIES,15985,5012,19219
2026,2,3,301,TERMINAL DELTA,PRAIRIES,10378,2735,13296
2026,2,4,301,TERMINAL DELTA,PRAIRIES,9626,3153,12692
2026,2,5,301,TERMINAL DELTA,PRAIRIES,11476,3045,15302
2026,2,6,301,TERMINAL DELTA,PRAIRIES,8110,2403,9846
2026,2,7,301,TERMINAL DELTA,PRAIRIES,1327,414,1797
2026,2,1,401,TERMINAL EPSILON,QUEBEC,591,200,784
2026,2,2,401,TERMINAL EPSILON,QUEBEC,10792,3260,14136
2026,2,3,401,TERMINAL EPSILON,QUEBEC,8324,2442,11454
2026,2,4,401,TERMINAL EPSILON,QUEBEC,11131,3000,14876
2026,2,5,401,TERMINAL EPSILON,QUEBEC,9380,2838,11811
2026,2,6,401,TERMINAL EPSILON,QUEBEC,10521,3221,13502
2026,2,7,401,TERMINAL EPSILON,QUEBEC,1563,479,2144
2026,3,1,12,TORONTO WEST,GREATER TORONTO AREA,596,171,754
2026,3,2,12,TORONTO WEST,GREATER TORONTO AREA,12003,4082,16079
2026,3,3,12,TORONTO WEST,GREATER TORONTO AREA,11501,3136,14800
2026,3,4,12,TORONTO WEST,GREATER TORONTO AREA,13047,4408,17659
2026,3,5,12,TORONTO WEST,GREATER TORONTO AREA,10626,2966,13676
2026,3,6,12,TORONTO WEST,GREATER TORONTO AREA,9430,2691,12827
2026,3,7,12,TORONTO WEST,GREATER TORONTO AREA,1378,401,1776
2026,3,1,40,NORTH BAY,NORTH EASTERN ONTARIO,479,134,604
2026,3,2,40,NORTH BAY,NORTH EASTERN ONTARIO,14489,4687,19134
2026,3,3,40,NORTH BAY,NORTH EASTERN ONTARIO,9824,2838,12610
2026,3,4,40,NORTH BAY,NORTH EASTERN ONTARIO,10503,2943,13425
2026,3,5,40,NORTH BAY,NORTH EASTERN ONTARIO,15084,3956,18196
2026,3,6,40,NORTH BAY,NORTH EASTERN ONTARIO,10875,3232,14315
2026,3,7,40,NORTH BAY,NORTH EASTERN ONTARIO,1555,513,2085
2026,3,1,41,SAULT STE MARIE,NORTH EASTERN ONTARIO,782,241,959
2026,3,2,41,SAULT STE MARIE,NORTH EASTERN ONTARIO,11835,3377,16038
2026,3,3,41,SAULT STE MARIE,NORTH EASTERN ONTARIO,14728,4829,19435
2026,3,4,41,SAULT STE MARIE,NORTH EASTERN ONTARIO,12251,3287,14598
2026,3,5,41,SAULT STE MARIE,NORTH EASTERN ONTARIO,11160,2965,14068
2026,3,6,41,SAULT STE MARIE,NORTH EASTERN ONTARIO,11259,3227,13984
2026,3,7,41,SAULT STE MARIE,NORTH EASTERN ONTARIO,1527,469,2075
2026,3,1,101,TERMINAL ALPHA,GREATER TORONTO AREA,701,235,979
2026,3,2,101,TERMINAL ALPHA,GREATER TORONTO AREA,12220,3590,16690
2026,3,3,101,TERMINAL ALPHA,GREATER TORONTO AREA,13896,4477,19084
2026,3,4,101,TERMINAL ALPHA,GREATER TORONTO AREA,14211,4260,19011
2026,3,5,101,TERMINAL ALPHA,GREATER TORONTO AREA,10212,2959,12684
2026,3,6,101,TERMINAL ALPHA,GREATER TORONTO AREA,9848,2693,13443
2026,3,7,101,TERMINAL ALPHA,GREATER TORONTO AREA,1355,458,1825
2026,3,1,102,TERMINAL BETA,ATLANTIC,498,164,710
2026,3,2,102,TERMINAL BETA,ATLANTIC,10850,3110,14327
2026,3,3,102,TERMINAL BETA,ATLANTIC,16320,4878,21290
2026,3,4,102,TERMINAL BETA,ATLANTIC,9955,3185,12826
2026,3,5,102,TERMINAL BETA,ATLANTIC,14322,4248,19011
2026,3,6,102,TERMINAL BETA,ATLANTIC,7931,2454,11080
2026,3,7,102,TERMINAL BETA,ATLANTIC,1183,362,1598
2026,3,1,201,TERMINAL GAMMA,PACIFIC,531,153,736
2026,3,2,201,TERMINAL GAMMA,PACIFIC,14411,4243,18884
2026,3,3,201,TERMINAL GAMMA,PACIFIC,12939,3496,15733
2026,3,4,201,TERMINAL GAMMA,PACIFIC,13663,4141,17180
2026,3,5,201,TERMINAL GAMMA,PACIFIC,7988,2437,10971
2026,3,6,201,TERMINAL GAMMA,PACIFIC,7788,2178,9759
2026,3,7,201,TERMINAL GAMMA,PACIFIC,1489,490,1891
2026,3,1,301,TERMINAL DELTA,PRAIRIES,597,176,812
2026,3,2,301,TERMINAL DELTA,PRAIRIES,17459,5037,24639
2026,3,3,301,TERMINAL DELTA,PRAIRIES,15373,4612,20954
2026,3,4,301,TERMINAL DELTA,PRAIRIES,14741,4694,18601
2026,3,5,301,TERMINAL DELTA,PRAIRIES,10089,2753,13245
2026,3,6,301,TERMINAL DELTA,PRAIRIES,7801,2612,10208
2026,3,7,301,TERMINAL DELTA,PRAIRIES,1495,399,1890
2026,3,1,401,TERMINAL EPSILON,QUEBEC,649,193,782
2026,3,2,401,TERMINAL EPSILON,QUEBEC,13287,3799,17230
2026,3,3,401,TERMINAL EPSILON,QUEBEC,16851,4931,22123
2026,3,4,401,TERMINAL EPSILON,QUEBEC,17740,4692,21746
2026,3,5,401,TERMINAL EPSILON,QUEBEC,11160,3057,15039
2026,3,6,401,TERMINAL EPSILON,QUEBEC,10331,3063,13459
2026,3,7,401,TERMINAL EPSILON,QUEBEC,1308,388,1653
2026,4,1,12,TORONTO WEST,GREATER TORONTO AREA,481,133,625
2026,4,2,12,TORONTO WEST,GREATER TORONTO AREA,14099,4306,17890
2026,4,3,12,TORONTO WEST,GREATER TORONTO AREA,17942,4924,21187
2026,4,4,12,TORONTO WEST,GREATER TORONTO AREA,13573,3682,17785
2026,4,5,12,TORONTO WEST,GREATER TORONTO AREA,11788,3572,14026
2026,4,6,12,TORONTO WEST,GREATER TORONTO AREA,11879,3882,16104
2026,4,7,12,TORONTO WEST,GREATER TORONTO AREA,1413,415,1824
2026,4,1,40,NORTH BAY,NORTH EASTERN ONTARIO,827,244,1015
2026,4,2,40,NORTH BAY,NORTH EASTERN ONTARIO,11018,3184,13859
2026,4,3,40,NORTH BAY,NORTH EASTERN ONTARIO,19104,5456,24866
2026,4,4,40,NORTH BAY,NORTH EASTERN ONTARIO,8737,2975,12056
2026,4,5,40,NORTH BAY,NORTH EASTERN ONTARIO,16196,4282,20820
2026,4,6,40,NORTH BAY,NORTH EASTERN ONTARIO,8576,2438,11095
2026,4,7,40,NORTH BAY,NORTH EASTERN ONTARIO,1668,505,2212
2026,4,1,41,SAULT STE MARIE,NORTH EASTERN ONTARIO,774,211,1016
2026,4,2,41,SAULT STE MARIE,NORTH EASTERN ONTARIO,16830,5066,22133
2026,4,3,41,SAULT STE MARIE,NORTH EASTERN ONTARIO,10684,2885,13826
2026,4,4,41,SAULT STE MARIE,NORTH EASTERN ONTARIO,16041,4869,20392
2026,4,5,41,SAULT STE MARIE,NORTH EASTERN ONTARIO,15889,4793,19096
2026,4,6,41,SAULT STE MARIE,NORTH EASTERN ONTARIO,7969,2516,10948
2026,4,7,41,SAULT STE MARIE,NORTH EASTERN ONTARIO,1765,544,2203
2026,4,1,101,TERMINAL ALPHA,GREATER TORONTO AREA,486,137,644
2026,4,2,101,TERMINAL ALPHA,GREATER TORONTO AREA,19451,5674,24890
2026,4,3,101,TERMINAL ALPHA,GREATER TORONTO AREA,9990,2973,13271
2026,4,4,101,TERMINAL ALPHA,GREATER TORONTO AREA,9878,3154,12190
2026,4,5,101,TERMINAL ALPHA,GREATER TORONTO AREA,16032,5014,20396
2026,4,6,101,TERMINAL ALPHA,GREATER TORONTO AREA,7287,2110,10234
2026,4,7,101,TERMINAL ALPHA,GREATER TORONTO AREA,1158,335,1579
2026,4,1,102,TERMINAL BETA,ATLANTIC,799,234,987
2026,4,2,102,TERMINAL BETA,ATLANTIC,11162,3778,15651
2026,4,3,102,TERMINAL BETA,ATLANTIC,16471,4888,22419
2026,4,4,102,TERMINAL BETA,ATLANTIC,15182,4537,19190
2026,4,5,102,TERMINAL BETA,ATLANTIC,15244,4855,19475
2026,4,6,102,TERMINAL BETA,ATLANTIC,9697,3145,12812
2026,4,7,102,TERMINAL BETA,ATLANTIC,1377,431,1920
2026,4,1,201,TERMINAL GAMMA,PACIFIC,847,244,1051
2026,4,2,201,TERMINAL GAMMA,PACIFIC,13476,3621,18129
2026,4,3,201,TERMINAL GAMMA,PACIFIC,12706,3727,16302
2026,4,4,201,TERMINAL GAMMA,PACIFIC,15298,4788,20829
2026,4,5,201,TERMINAL GAMMA,PACIFIC,15604,4936,20051
2026,4,6,201,TERMINAL GAMMA,PACIFIC,6531,2041,8729
2026,4,7,201,TERMINAL GAMMA,PACIFIC,1060,316,1400
2026,4,1,301,TERMINAL DELTA,PRAIRIES,473,133,597
2026,4,2,301,TERMINAL DELTA,PRAIRIES,12873,3732,16018
2026,4,3,301,TERMINAL DELTA,PRAIRIES,19083,5170,24414
2026,4,4,301,TERMINAL DELTA,PRAIRIES,14856,5105,19714
2026,4,5,301,TERMINAL DELTA,PRAIRIES,17280,5118,22755
2026,4,6,301,TERMINAL DELTA,PRAIRIES,10639,3340,13467
2026,4,7,301,TERMINAL DELTA,PRAIRIES,1302,398,1549
2026,4,1,401,TERMINAL EPSILON,QUEBEC,762,228,957
2026,4,2,401,TERMINAL EPSILON,QUEBEC,11711,3447,13987
2026,4,3,401,TERMINAL EPSILON,QUEBEC,18087,5046,22832
2026,4,4,401,TERMINAL EPSILON,QUEBEC,17460,5187,22811
2026,4,5,401,TERMINAL EPSILON,QUEBEC,14876,4452,20086
2026,4,6,401,TERMINAL EPSILON,QUEBEC,9185,2947,12232
2026,4,7,401,TERMINAL EPSILON,QUEBEC,1238,362,1706
2026,5,1,12,TORONTO WEST,GREATER TORONTO AREA,459,150,651
2026,5,2,12,TORONTO WEST,GREATER TORONTO AREA,11645,3946,15614
2026,5,3,12,TORONTO WEST,GREATER TORONTO AREA,15368,4237,19524
2026,5,4,12,TORONTO WEST,GREATER TORONTO AREA,18871,5414,24596
2026,5,5,12,TORONTO WEST,GREATER TORONTO AREA,8804,2852,11500
2026,5,6,12,TORONTO WEST,GREATER TORONTO AREA,6903,1976,9090
2026,5,7,12,TORONTO WEST,GREATER TORONTO AREA,1039,319,1282
2026,5,1,40,NORTH BAY,NORTH EASTERN ONTARIO,718,226,865
2026,5,2,40,NORTH BAY,NORTH EASTERN ONTARIO,16772,4721,21675
2026,5,3,40,NORTH BAY,NORTH EASTERN ONTARIO,14947,4194,19623
2026,5,4,40,NORTH BAY,NORTH EASTERN ONTARIO,14155,4263,17826
2026,5,5,40,NORTH BAY,NORTH EASTERN ONTARIO,11387,3834,15216
2026,5,6,40,NORTH BAY,NORTH EASTERN ONTARIO,7817,2095,9693
2026,5,7,40,NORTH BAY,NORTH EASTERN ONTARIO,1298,365,1619
2026,5,1,41,SAULT STE MARIE,NORTH EASTERN ONTARIO,660,192,851
2026,5,2,41,SAULT STE MARIE,NORTH EASTERN ONTARIO,14370,4171,19277
2026,5,3,41,SAULT STE MARIE,NORTH EASTERN ONTARIO,14434,4072,18714
2026,5,4,41,SAULT STE MARIE,NORTH EASTERN ONTARIO,12936,3762,16435
2026,5,5,41,SAULT STE MARIE,NORTH EASTERN ONTARIO,12574,3658,16800
2026,5,6,41,SAULT STE MARIE,NORTH EASTERN ONTARIO,6617,2110,9042
2026,5,7,41,SAULT STE MARIE,NORTH EASTERN ONTARIO,1044,324,1295
2026,5,1,101,TERMINAL ALPHA,GREATER TORONTO AREA,704,216,876
2026,5,2,101,TERMINAL ALPHA,GREATER TORONTO AREA,13320,3824,17359
2026,5,3,101,TERMINAL ALPHA,GREATER TORONTO AREA,10791,3364,14349
2026,5,4,101,TERMINAL ALPHA,GREATER TORONTO AREA,13337,3809,16631
2026,5,5,101,TERMINAL ALPHA,GREATER TORONTO AREA,10886,3183,13511
2026,5,6,101,TERMINAL ALPHA,GREATER TORONTO AREA,11571,3679,16102
2026,5,7,101,TERMINAL ALPHA,GREATER TORONTO AREA,968,274,1365
2026,5,1,102,TERMINAL BETA,ATLANTIC,743,241,990
2026,5,2,102,TERMINAL BETA,ATLANTIC,11435,3060,14591
2026,5,3,102,TERMINAL BETA,ATLANTIC,18286,5990,22799
2026,5,4,102,TERMINAL BETA,ATLANTIC,17352,5414,24406
2026,5,5,102,TERMINAL BETA,ATLANTIC,14312,3969,19345
2026,5,6,102,TERMINAL BETA,ATLANTIC,8037,2540,9865
2026,5,7,102,TERMINAL BETA,ATLANTIC,1524,500,2065
2026,5,1,201,TERMINAL GAMMA,PACIFIC,519,155,628
2026,5,2,201,TERMINAL GAMMA,PACIFIC,15128,4813,20270
2026,5,3,201,TERMINAL GAMMA,PACIFIC,10927,3502,14836
2026,5,4,201,TERMINAL GAMMA,PACIFIC,11841,3537,14847
2026,5,5,201,TERMINAL GAMMA,PACIFIC,14499,4419,18477
2026,5,6,201,TERMINAL GAMMA,PACIFIC,10698,3147,13581
2026,5,7,201,TERMINAL GAMMA,PACIFIC,1489,421,2067
2026,5,1,301,TERMINAL DELTA,PRAIRIES,855,240,1142
2026,5,2,301,TERMINAL DELTA,PRAIRIES,12512,3568,15004
2026,5,3,301,TERMINAL DELTA,PRAIRIES,17683,5081,22742
2026,5,4,301,TERMINAL DELTA,PRAIRIES,16892,4809,23276
2026,5,5,301,TERMINAL DELTA,PRAIRIES,15404,4290,19430
2026,5,6,301,TERMINAL DELTA,PRAIRIES,6708,1825,8103
2026,5,7,301,TERMINAL DELTA,PRAIRIES,1386,382,1712
2026,5,1,401,TERMINAL EPSILON,QUEBEC,613,187,756
2026,5,2,401,TERMINAL EPSILON,QUEBEC,12953,3820,15736
2026,5,3,401,TERMINAL EPSILON,QUEBEC,10253,3052,14239
2026,5,4,401,TERMINAL EPSILON,QUEBEC,13019,3601,15607
2026,5,5,401,TERMINAL EPSILON,QUEBEC,10545,3444,14273
2026,5,6,401,TERMINAL EPSILON,QUEBEC,7624,2343,9342
2026,5,7,401,TERMINAL EPSILON,QUEBEC,1123,322,1516
2026,6,1,12,TORONTO WEST,GREATER TORONTO AREA,669,230,911
2026,6,2,12,TORONTO WEST,GREATER TORONTO AREA,19035,5769,23936
2026,6,3,12,TORONTO WEST,GREATER TORONTO AREA,18592,6206,23528
2026,6,4,12,TORONTO WEST,GREATER TORONTO AREA,10565,3167,13722
2026,6,5,12,TORONTO WEST,GREATER TORONTO AREA,15652,4244,20919
2026,6,6,12,TORONTO WEST,GREATER TORONTO AREA,9610,2817,13217
2026,6,7,12,TORONTO WEST,GREATER TORONTO AREA,1032,316,1269
2026,6,1,40,NORTH BAY,NORTH EASTERN ONTARIO,936,289,1150
2026,6,2,40,NORTH BAY,NORTH EASTERN ONTARIO,17243,5239,22322
2026,6,3,40,NORTH BAY,NORTH EASTERN ONTARIO,9209,3064,13150
2026,6,4,40,NORTH BAY,NORTH EASTERN ONTARIO,11533,3311,14894
2026,6,5,40,NORTH BAY,NORTH EASTERN ONTARIO,10600,3120,13218
2026,6,6,40,NORTH BAY,NORTH EASTERN ONTARIO,11093,3261,14453
2026,6,7,40,NORTH BAY,NORTH EASTERN ONTARIO,1793,610,2345
2026,6,1,41,SAULT STE MARIE,NORTH EASTERN ONTARIO,589,179,720
2026,6,2,41,SAULT STE MARIE,NORTH EASTERN ONTARIO,14268,4128,18097
2026,6,3,41,SAULT STE MARIE,NORTH EASTERN ONTARIO,9997,3017,13334
2026,6,4,41,SAULT STE MARIE,NORTH EASTERN ONTARIO,10150,3299,13641
2026,6,5,41,SAULT STE MARIE,NORTH EASTERN ONTARIO,14005,4061,18856
2026,6,6,41,SAULT STE MARIE,NORTH EASTERN ONTARIO,11271,3441,13864
2026,6,7,41,SAULT STE MARIE,NORTH EASTERN ONTARIO,1207,343,1645
2026,6,1,101,TERMINAL ALPHA,GREATER TORONTO AREA,477,162,656
2026,6,2,101,TERMINAL ALPHA,GREATER TORONTO AREA,15624,4233,19392
2026,6,3,101,TERMINAL ALPHA,GREATER TORONTO AREA,13373,4129,16607
2026,6,4,101,TERMINAL ALPHA,GREATER TORONTO AREA,14099,3792,17298
2026,6,5,101,TERMINAL ALPHA,GREATER TORONTO AREA,16645,4966,22164
2026,6,6,101,TERMINAL ALPHA,GREATER TORONTO AREA,8214,2599,10322
2026,6,7,101,TERMINAL ALPHA,GREATER TORONTO AREA,1816,524,2363
2026,6,1,102,TERMINAL BETA,ATLANTIC,969,265,1250
2026,6,2,102,TERMINAL BETA,ATLANTIC,10007,3222,13658
2026,6,3,102,TERMINAL BETA,ATLANTIC,14189,4458,18034
2026,6,4,102,TERMINAL BETA,ATLANTIC,13348,3809,17605
2026,6,5,102,TERMINAL BETA,ATLANTIC,16601,4793,20382
2026,6,6,102,TERMINAL BETA,ATLANTIC,7962,2317,10082
2026,6,7,102,TERMINAL BETA,ATLANTIC,1450,410,1852
2026,6,1,201,TERMINAL GAMMA,PACIFIC,804,241,1072
2026,6,2,201,TERMINAL GAMMA,PACIFIC,12651,3543,16162
2026,6,3,201,TERMINAL GAMMA,PACIFIC,12957,3660,17010
2026,6,4,201,TERMINAL GAMMA,PACIFIC,10036,3111,13480
2026,6,5,201,TERMINAL GAMMA,PACIFIC,10376,2917,14196
2026,6,6,201,TERMINAL GAMMA,PACIFIC,13037,3984,17334
2026,6,7,201,TERMINAL GAMMA,PACIFIC,1101,326,1410
2026,6,1,301,TERMINAL DELTA,PRAIRIES,468,160,663
2026,6,2,301,TERMINAL DELTA,PRAIRIES,10343,2821,13785
2026,6,3,301,TERMINAL DELTA,PRAIRIES,10210,3121,12674
2026,6,4,301,TERMINAL DELTA,PRAIRIES,15805,4175,20041
2026,6,5,301,TERMINAL DELTA,PRAIRIES,11630,3601,16131
2026,6,6,301,TERMINAL DELTA,PRAIRIES,8442,2216,10920
2026,6,7,301,TERMINAL DELTA,PRAIRIES,904,308,1188
2026,6,1,401,TERMINAL EPSILON,QUEBEC,480,150,616
2026,6,2,401,TERMINAL EPSILON,QUEBEC,19974,6314,27234
2026,6,3,401,TERMINAL EPSILON,QUEBEC,20674,5439,25431
2026,6,4,401,TERMINAL EPSILON,QUEBEC,15890,4400,18966
2026,6,5,401,TERMINAL EPSILON,QUEBEC,10973,3025,13714
2026,6,6,401,TERMINAL EPSILON,QUEBEC,9381,2890,12056
2026,6,7,401,TERMINAL EPSILON,QUEBEC,1290,387,1791
2026,7,1,12,TORONTO WEST,GREATER TORONTO AREA,694,202,879
2026,7,2,12,TORONTO WEST,GREATER TORONTO AREA,20682,5818,26429
2026,7,3,12,TORONTO WEST,GREATER TORONTO AREA,11138,3478,13459
2026,7,4,12,TORONTO WEST,GREATER TORONTO AREA,17607,5488,22893
2026,7,5,12,TORONTO WEST,GREATER TORONTO AREA,10705,2849,13271
2026,7,6,12,TORONTO WEST,GREATER TORONTO AREA,13752,4422,17413
2026,7,7,12,TORONTO WEST,GREATER TORONTO AREA,1810,546,2473
2026,7,1,40,NORTH BAY,NORTH EASTERN ONTARIO,923,307,1171
2026,7,2,40,NORTH BAY,NORTH EASTERN ONTARIO,10823,3411,13633
2026,7,3,40,NORTH BAY,NORTH EASTERN ONTARIO,11265,3584,14430
2026,7,4,40,NORTH BAY,NORTH EASTERN ONTARIO,20334,5611,24585
2026,7,5,40,NORTH BAY,NORTH EASTERN ONTARIO,18236,5722,23843
2026,7,6,40,NORTH BAY,NORTH EASTERN ONTARIO,10809,3263,12797
2026,7,7,40,NORTH BAY,NORTH EASTERN ONTARIO,1693,469,2178
2026,7,1,41,SAULT STE MARIE,NORTH EASTERN ONTARIO,747,222,987
2026,7,2,41,SAULT STE MARIE,NORTH EASTERN ONTARIO,18380,5690,24212
2026,7,3,41,SAULT STE MARIE,NORTH EASTERN ONTARIO,15587,4753,20117
2026,7,4,41,SAULT STE MARIE,NORTH EASTERN ONTARIO,16473,5026,20416
2026,7,5,41,SAULT STE MARIE,NORTH EASTERN ONTARIO,17310,5167,22819
2026,7,6,41,SAULT STE MARIE,NORTH EASTERN ONTARIO,9174,2470,11299
2026,7,7,41,SAULT STE MARIE,NORTH EASTERN ONTARIO,1938,608,2601
2026,7,1,101,TERMINAL ALPHA,GREATER TORONTO AREA,923,300,1268
2026,7,2,101,TERMINAL ALPHA,GREATER TORONTO AREA,16740,5491,22146
2026,7,3,101,TERMINAL ALPHA,GREATER TORONTO AREA,12696,3519,16168
2026,7,4,101,TERMINAL ALPHA,GREATER TORONTO AREA,13253,4201,17231
2026,7,5,101,TERMINAL ALPHA,GREATER TORONTO AREA,13202,4262,18479
2026,7,6,101,TERMINAL ALPHA,GREATER TORONTO AREA,9157,2663,12330
2026,7,7,101,TERMINAL ALPHA,GREATER TORONTO AREA,1442,441,2003
2026,7,1,102,TERMINAL BETA,ATLANTIC,533,154,682
2026,7,2,102,TERMINAL BETA,ATLANTIC,21493,5951,28974
2026,7,3,102,TERMINAL BETA,ATLANTIC,13426,3547,16317
2026,7,4,102,TERMINAL BETA,ATLANTIC,20350,5551,26190
2026,7,5,102,TERMINAL BETA,ATLANTIC,10076,2931,12943
2026,7,6,102,TERMINAL BETA,ATLANTIC,10091,3116,13514
2026,7,7,102,TERMINAL BETA,ATLANTIC,1538,432,2092
2026,7,1,201,TERMINAL GAMMA,PACIFIC,621,199,824
2026,7,2,201,TERMINAL GAMMA,PACIFIC,13170,4084,17486
2026,7,3,201,TERMINAL GAMMA,PACIFIC,14422,4553,18723
2026,7,4,201,TERMINAL GAMMA,PACIFIC,18761,6312,26343
2026,7,5,201,TERMINAL GAMMA,PACIFIC,16875,5342,22548
2026,7,6,201,TERMINAL GAMMA,PACIFIC,12396,3757,16562
2026,7,7,201,TERMINAL GAMMA,PACIFIC,1001,288,1291
2026,7,1,301,TERMINAL DELTA,PRAIRIES,533,165,709
2026,7,2,301,TERMINAL DELTA,PRAIRIES,12191,3703,15315
2026,7,3,301,TERMINAL DELTA,PRAIRIES,16114,5385,21027
2026,7,4,301,TERMINAL DELTA,PRAIRIES,17870,5515,23968
2026,7,5,301,TERMINAL DELTA,PRAIRIES,17670,5984,22998
2026,7,6,301,TERMINAL DELTA,PRAIRIES,8999,2927,11820
2026,7,7,301,TERMINAL DELTA,PRAIRIES,1946,587,2418
2026,7,1,401,TERMINAL EPSILON,QUEBEC,663,204,842
2026,7,2,401,TERMINAL EPSILON,QUEBEC,12913,4207,16818
2026,7,3,401,TERMINAL EPSILON,QUEBEC,12985,4124,16867
2026,7,4,401,TERMINAL EPSILON,QUEBEC,10648,3320,13668
2026,7,5,401,TERMINAL EPSILON,QUEBEC,15730,4888,21438
2026,7,6,401,TERMINAL EPSILON,QUEBEC,12776,3925,15539
2026,7,7,401,TERMINAL EPSILON,QUEBEC,2037,548,2628
2026,8,1,12,TORONTO WEST,GREATER TORONTO AREA,744,233,941
2026,8,2,12,TORONTO WEST,GREATER TORONTO AREA,22874,6961,29383
2026,8,3,12,TORONTO WEST,GREATER TORONTO AREA,17556,5022,22370
2026,8,4,12,TORONTO WEST,GREATER TORONTO AREA,13010,3980,16977
2026,8,5,12,TORONTO WEST,GREATER TORONTO AREA,16658,4925,22493
2026,8,6,12,TORONTO WEST,GREATER TORONTO AREA,8732,2819,11584
2026,8,7,12,TORONTO WEST,GREATER TORONTO AREA,1265,349,1580
2026,8,1,40,NORTH BAY,NORTH EASTERN ONTARIO,741,233,936
2026,8,2,40,NORTH BAY,NORTH EASTERN ONTARIO,12726,3868,17201
2026,8,3,40,NORTH BAY,NORTH EASTERN ONTARIO,17121,4489,22584
2026,8,4,40,NORTH BAY,NORTH EASTERN ONTARIO,19245,5442,26231
2026,8,5,40,NORTH BAY,NORTH EASTERN ONTARIO,17654,5074,23328
2026,8,6,40,NORTH BAY,NORTH EASTERN ONTARIO,11329,3733,15645
2026,8,7,40,NORTH BAY,NORTH EASTERN ONTARIO,1078,318,1401
2026,8,1,41,SAULT STE MARIE,NORTH EASTERN ONTARIO,746,213,965
2026,8,2,41,SAULT STE MARIE,NORTH EASTERN ONTARIO,11686,3325,15207
2026,8,3,41,SAULT STE MARIE,NORTH EASTERN ONTARIO,9965,3320,13174
2026,8,4,41,SAULT STE MARIE,NORTH EASTERN ONTARIO,15321,4497,20899
2026,8,5,41,SAULT STE MARIE,NORTH EASTERN ONTARIO,15183,4510,19249
2026,8,6,41,SAULT STE MARIE,NORTH EASTERN ONTARIO,11552,3471,15984
2026,8,7,41,SAULT STE MARIE,NORTH EASTERN ONTARIO,978,300,1301
2026,8,1,101,TERMINAL ALPHA,GREATER TORONTO AREA,896,238,1129
2026,8,2,101,TERMINAL ALPHA,GREATER TORONTO AREA,21691,6229,28797
2026,8,3,101,TERMINAL ALPHA,GREATER TORONTO AREA,15079,4400,20545
2026,8,4,101,TERMINAL ALPHA,GREATER TORONTO AREA,14044,3849,17494
2026,8,5,101,TERMINAL ALPHA,GREATER TORONTO AREA,10736,3183,13693
2026,8,6,101,TERMINAL ALPHA,GREATER TORONTO AREA,9855,3250,13795
2026,8,7,101,TERMINAL ALPHA,GREATER TORONTO AREA,1953,574,2423
2026,8,1,102,TERMINAL BETA,ATLANTIC,607,160,740
2026,8,2,102,TERMINAL BETA,ATLANTIC,15190,4779,20826
2026,8,3,102,TERMINAL BETA,ATLANTIC,20113,5940,27510
2026,8,4,102,TERMINAL BETA,ATLANTIC,12107,3861,15726
2026,8,5,102,TERMINAL BETA,ATLANTIC,11220,3157,15190
2026,8,6,102,TERMINAL BETA,ATLANTIC,7333,2380,9804
2026,8,7,102,TERMINAL BETA,ATLANTIC,1092,333,1362
2026,8,1,201,TERMINAL GAMMA,PACIFIC,574,168,735
2026,8,2,201,TERMINAL GAMMA,PACIFIC,15882,4666,21310
2026,8,3,201,TERMINAL GAMMA,PACIFIC,12928,3584,17819
2026,8,4,201,TERMINAL GAMMA,PACIFIC,15980,4602,21501
2026,8,5,201,TERMINAL GAMMA,PACIFIC,10082,3323,13651
2026,8,6,201,TERMINAL GAMMA,PACIFIC,13423,4082,18256
2026,8,7,201,TERMINAL GAMMA,PACIFIC,1750,511,2254
2026,8,1,301,TERMINAL DELTA,PRAIRIES,911,250,1231
2026,8,2,301,TERMINAL DELTA,PRAIRIES,12976,3482,16467
2026,8,3,301,TERMINAL DELTA,PRAIRIES,16308,4287,20752
2026,8,4,301,TERMINAL DELTA,PRAIRIES,19874,5764,27620
2026,8,5,301,TERMINAL DELTA,PRAIRIES,15683,4827,19408
2026,8,6,301,TERMINAL DELTA,PRAIRIES,8520,2506,10846
2026,8,7,301,TERMINAL DELTA,PRAIRIES,1506,427,2017
2026,8,1,401,TERMINAL EPSILON,QUEBEC,685,194,859
2026,8,2,401,TERMINAL EPSILON,QUEBEC,17585,5053,22785
2026,8,3,401,TERMINAL EPSILON,QUEBEC,16992,4946,23514
2026,8,4,401,TERMINAL EPSILON,QUEBEC,16580,5121,22425
2026,8,5,401,TERMINAL EPSILON,QUEBEC,10575,3177,13051
2026,8,6,401,TERMINAL EPSILON,QUEBEC,13362,4408,18226
2026,8,7,401,TERMINAL EPSILON,QUEBEC,1704,476,2168
2026,9,1,12,TORONTO WEST,GREATER TORONTO AREA,806,212,966
2026,9,2,12,TORONTO WEST,GREATER TORONTO AREA,13372,3853,16555
2026,9,3,12,TORONTO WEST,GREATER TORONTO AREA,12448,3643,16499
2026,9,4,12,TORONTO WEST,GREATER TORONTO AREA,15048,4708,20136
2026,9,5,12,TORONTO WEST,GREATER TORONTO AREA,20589,5906,27306
2026,9,6,12,TORONTO WEST,GREATER TORONTO AREA,9427,2578,12189
2026,9,7,12,TORONTO WEST,GREATER TORONTO AREA,1729,519,2376
2026,9,1,40,NORTH BAY,NORTH EASTERN ONTARIO,866,236,1109
2026,9,2,40,NORTH BAY,NORTH EASTERN ONTARIO,23793,6318,30755
2026,9,3,40,NORTH BAY,NORTH EASTERN ONTARIO,18034,4908,23410
2026,9,4,40,NORTH BAY,NORTH EASTERN ONTARIO,11229,3436,14643
2026,9,5,40,NORTH BAY,NORTH EASTERN ONTARIO,10816,3443,14647
2026,9,6,40,NORTH BAY,NORTH EASTERN ONTARIO,10108,3138,13805
2026,9,7,40,NORTH BAY,NORTH EASTERN ONTARIO,2098,658,2616
2026,9,1,41,SAULT STE MARIE,NORTH EASTERN ONTARIO,993,297,1246
2026,9,2,41,SAULT STE MARIE,NORTH EASTERN ONTARIO,13890,4473,17502
2026,9,3,41,SAULT STE MARIE,NORTH EASTERN ONTARIO,14712,3824,18279
2026,9,4,41,SAULT STE MARIE,NORTH EASTERN ONTARIO,16501,4567,21232
2026,9,5,41,SAULT STE MARIE,NORTH EASTERN ONTARIO,11244,3119,14896
2026,9,6,41,SAULT STE MARIE,NORTH EASTERN ONTARIO,8228,2492,10677
2026,9,7,41,SAULT STE MARIE,NORTH EASTERN ONTARIO,1721,555,2384
2026,9,1,101,TERMINAL ALPHA,GREATER TORONTO AREA,954,287,1194
2026,9,2,101,TERMINAL ALPHA,GREATER TORONTO AREA,15722,4448,19983
2026,9,3,101,TERMINAL ALPHA,GREATER TORONTO AREA,12982,3967,16421
2026,9,4,101,TERMINAL ALPHA,GREATER TORONTO AREA,14714,3970,17911
2026,9,5,101,TERMINAL ALPHA,GREATER TORONTO AREA,18226,5694,23056
2026,9,6,101,TERMINAL ALPHA,GREATER TORONTO AREA,7993,2379,10735
2026,9,7,101,TERMINAL ALPHA,GREATER TORONTO AREA,1217,319,1487
2026,9,1,102,TERMINAL BETA,ATLANTIC,928,276,1130
2026,9,2,102,TERMINAL BETA,ATLANTIC,22176,6904,28122
2026,9,3,102,TERMINAL BETA,ATLANTIC,13966,4358,18320
2026,9,4,102,TERMINAL BETA,ATLANTIC,17668,5193,23830
2026,9,5,102,TERMINAL BETA,ATLANTIC,15958,5105,19991
2026,9,6,102,TERMINAL BETA,ATLANTIC,12780,3884,16918
2026,9,7,102,TERMINAL BETA,ATLANTIC,1623,486,2061
2026,9,1,201,TERMINAL GAMMA,PACIFIC,824,237,1094
2026,9,2,201,TERMINAL GAMMA,PACIFIC,12750,3838,15952
2026,9,3,201,TERMINAL GAMMA,PACIFIC,13362,4197,16729
2026,9,4,201,TERMINAL GAMMA,PACIFIC,10670,3094,13653
2026,9,5,201,TERMINAL GAMMA,PACIFIC,17768,5692,22890
2026,9,6,201,TERMINAL GAMMA,PACIFIC,14547,4700,19440
2026,9,7,201,TERMINAL GAMMA,PACIFIC,1928,625,2580
2026,9,1,301,TERMINAL DELTA,PRAIRIES,755,215,984
2026,9,2,301,TERMINAL DELTA,PRAIRIES,17931,5650,24320
2026,9,3,301,TERMINAL DELTA,PRAIRIES,12691,4375,17925
2026,9,4,301,TERMINAL DELTA,PRAIRIES,12811,4336,16775
2026,9,5,301,TERMINAL DELTA,PRAIRIES,12275,3670,17172
2026,9,6,301,TERMINAL DELTA,PRAIRIES,11198,3830,15236
2026,9,7,301,TERMINAL DELTA,PRAIRIES,1538,454,2022
2026,9,1,401,TERMINAL EPSILON,QUEBEC,923,264,1238
2026,9,2,401,TERMINAL EPSILON,QUEBEC,19245,5398,25305
2026,9,3,401,TERMINAL EPSILON,QUEBEC,18407,5107,24964
2026,9,4,401,TERMINAL EPSILON,QUEBEC,17946,5017,22062
2026,9,5,401,TERMINAL EPSILON,QUEBEC,14959,4866,20027
2026,9,6,401,TERMINAL EPSILON,QUEBEC,7986,2662,10848
2026,9,7,401,TERMINAL EPSILON,QUEBEC,1510,471,1847
2026,10,1,12,TORONTO WEST,GREATER TORONTO AREA,1069,282,1307
2026,10,2,12,TORONTO WEST,GREATER TORONTO AREA,13790,3933,17805
2026,10,3,12,TORONTO WEST,GREATER TORONTO AREA,13458,3840,18436
2026,10,4,12,TORONTO WEST,GREATER TORONTO AREA,15876,5194,20619
2026,10,5,12,TORONTO WEST,GREATER TORONTO AREA,16163,5275,21396
2026,10,6,12,TORONTO WEST,GREATER TORONTO AREA,14876,3977,17616
2026,10,7,12,TORONTO WEST,GREATER TORONTO AREA,1994,606,2512
2026,10,1,40,NORTH BAY,NORTH EASTERN ONTARIO,606,179,771
2026,10,2,40,NORTH BAY,NORTH EASTERN ONTARIO,22194,6653,28704
2026,10,3,40,NORTH BAY,NORTH EASTERN ONTARIO,16714,5042,20629
2026,10,4,40,NORTH BAY,NORTH EASTERN ONTARIO,16100,4561,21502
2026,10,5,40,NORTH BAY,NORTH EASTERN ONTARIO,23055,6025,30258
2026,10,6,40,NORTH BAY,NORTH EASTERN ONTARIO,10927,3668,15300
2026,10,7,40,NORTH BAY,NORTH EASTERN ONTARIO,2078,583,2600
2026,10,1,41,SAULT STE MARIE,NORTH EASTERN ONTARIO,1071,324,1460
2026,10,2,41,SAULT STE MARIE,NORTH EASTERN ONTARIO,22084,6545,28551
2026,10,3,41,SAULT STE MARIE,NORTH EASTERN ONTARIO,16362,4366,21358
2026,10,4,41,SAULT STE MARIE,NORTH EASTERN ONTARIO,12725,3651,16669
2026,10,5,41,SAULT STE MARIE,NORTH EASTERN ONTARIO,20454,5830,25657
2026,10,6,41,SAULT STE MARIE,NORTH EASTERN ONTARIO,13747,3809,17638
2026,10,7,41,SAULT STE MARIE,NORTH EASTERN ONTARIO,1562,453,2025
2026,10,1,101,TERMINAL ALPHA,GREATER TORONTO AREA,1007,262,1269
2026,10,2,101,TERMINAL ALPHA,GREATER TORONTO AREA,12292,3834,16954
2026,10,3,101,TERMINAL ALPHA,GREATER TORONTO AREA,17154,5172,20827
2026,10,4,101,TERMINAL ALPHA,GREATER TORONTO AREA,18319,5896,23601
2026,10,5,101,TERMINAL ALPHA,GREATER TORONTO AREA,12522,3792,16176
2026,10,6,101,TERMINAL ALPHA,GREATER TORONTO AREA,9173,3069,12326
2026,10,7,101,TERMINAL ALPHA,GREATER TORONTO AREA,1589,421,2038
2026,10,1,102,TERMINAL BETA,ATLANTIC,602,191,787
2026,10,2,102,TERMINAL BETA,ATLANTIC,21739,6279,29237
2026,10,3,102,TERMINAL BETA,ATLANTIC,18740,5614,23988
2026,10,4,102,TERMINAL BETA,ATLANTIC,11697,3411,15258
2026,10,5,102,TERMINAL BETA,ATLANTIC,15426,4458,21452
2026,10,6,102,TERMINAL BETA,ATLANTIC,8819,2763,12208
2026,10,7,102,TERMINAL BETA,ATLANTIC,1253,366,1524
2026,10,1,201,TERMINAL GAMMA,PACIFIC,644,204,781
2026,10,2,201,TERMINAL GAMMA,PACIFIC,14383,4805,19256
2026,10,3,201,TERMINAL GAMMA,PACIFIC,15148,4428,19383
2026,10,4,201,TERMINAL GAMMA,PACIFIC,23321,6022,28259
2026,10,5,201,TERMINAL GAMMA,PACIFIC,10692,3535,14712
2026,10,6,201,TERMINAL GAMMA,PACIFIC,13686,4108,16526
2026,10,7,201,TERMINAL GAMMA,PACIFIC,2040,612,2739
2026,10,1,301,TERMINAL DELTA,PRAIRIES,830,275,1051
2026,10,2,301,TERMINAL DELTA,PRAIRIES,20735,5505,25511
2026,10,3,301,TERMINAL DELTA,PRAIRIES,14474,4305,17599
2026,10,4,301,TERMINAL DELTA,PRAIRIES,20715,6585,27506
2026,10,5,301,TERMINAL DELTA,PRAIRIES,12105,3420,15133
2026,10,6,301,TERMINAL DELTA,PRAIRIES,9498,2577,11645
2026,10,7,301,TERMINAL DELTA,PRAIRIES,1486,426,2007
2026,10,1,401,TERMINAL EPSILON,QUEBEC,1121,305,1427
2026,10,2,401,TERMINAL EPSILON,QUEBEC,21120,6020,29580
2026,10,3,401,TERMINAL EPSILON,QUEBEC,14195,4011,17623
2026,10,4,401,TERMINAL EPSILON,QUEBEC,16536,5219,22410
2026,10,5,401,TERMINAL EPSILON,QUEBEC,11914,4028,15883
2026,10,6,401,TERMINAL EPSILON,QUEBEC,14986,4430,20211
2026,10,7,401,TERMINAL EPSILON,QUEBEC,1170,345,1463
2026,11,1,12,TORONTO WEST,GREATER TORONTO AREA,734,203,917
2026,11,2,12,TORONTO WEST,GREATER TORONTO AREA,19528,5870,25057
2026,11,3,12,TORONTO WEST,GREATER TORONTO AREA,12441,3502,17192
2026,11,4,12,TORONTO WEST,GREATER TORONTO AREA,22034,7013,27539
2026,11,5,12,TORONTO WEST,GREATER TORONTO AREA,15886,5432,20471
2026,11,6,12,TORONTO WEST,GREATER TORONTO AREA,11042,3149,15285
2026,11,7,12,TORONTO WEST,GREATER TORONTO AREA,1145,393,1514
2026,11,1,40,NORTH BAY,NORTH EASTERN ONTARIO,1110,335,1326
2026,11,2,40,NORTH BAY,NORTH EASTERN ONTARIO,13960,4460,18149
2026,11,3,40,NORTH BAY,NORTH EASTERN ONTARIO,11939,3661,15523
2026,11,4,40,NORTH BAY,NORTH EASTERN ONTARIO,16882,4848,23047
2026,11,5,40,NORTH BAY,NORTH EASTERN ONTARIO,20789,5765,28498
2026,11,6,40,NORTH BAY,NORTH EASTERN ONTARIO,13419,4368,18121
2026,11,7,40,NORTH BAY,NORTH EASTERN ONTARIO,1291,368,1709
2026,11,1,41,SAULT STE MARIE,NORTH EASTERN ONTARIO,604,159,717
2026,11,2,41,SAULT STE MARIE,NORTH EASTERN ONTARIO,20100,5603,26816
2026,11,3,41,SAULT STE MARIE,NORTH EASTERN ONTARIO,21292,6455,29097
2026,11,4,41,SAULT STE MARIE,NORTH EASTERN ONTARIO,21732,6038,28167
2026,11,5,41,SAULT STE MARIE,NORTH EASTERN ONTARIO,18735,6125,24529
2026,11,6,41,SAULT STE MARIE,NORTH EASTERN ONTARIO,15454,4111,19139
2026,11,7,41,SAULT STE MARIE,NORTH EASTERN ONTARIO,1829,602,2412
2026,11,1,101,TERMINAL ALPHA,GREATER TORONTO AREA,1080,360,1452
2026,11,2,101,TERMINAL ALPHA,GREATER TORONTO AREA,14837,4922,20398
2026,11,3,101,TERMINAL ALPHA,GREATER TORONTO AREA,11658,3851,14731
2026,11,4,101,TERMINAL ALPHA,GREATER TORONTO AREA,22344,6257,28792
2026,11,5,101,TERMINAL ALPHA,GREATER TORONTO AREA,21840,5784,27416
2026,11,6,101,TERMINAL ALPHA,GREATER TORONTO AREA,16173,4557,20956
2026,11,7,101,TERMINAL ALPHA,GREATER TORONTO AREA,1354,409,1787
2026,11,1,102,TERMINAL BETA,ATLANTIC,700,212,861
2026,11,2,102,TERMINAL BETA,ATLANTIC,16063,5460,22567
2026,11,3,102,TERMINAL BETA,ATLANTIC,15262,4723,20086
2026,11,4,102,TERMINAL BETA,ATLANTIC,12825,3562,16656
2026,11,5,102,TERMINAL BETA,ATLANTIC,20672,6650,28153
2026,11,6,102,TERMINAL BETA,ATLANTIC,8980,2778,12420
2026,11,7,102,TERMINAL BETA,ATLANTIC,1829,533,2591
2026,11,1,201,TERMINAL GAMMA,PACIFIC,901,289,1189
2026,11,2,201,TERMINAL GAMMA,PACIFIC,23446,6691,32135
2026,11,3,201,TERMINAL GAMMA,PACIFIC,21158,6236,27739
2026,11,4,201,TERMINAL GAMMA,PACIFIC,19809,5586,25876
2026,11,5,201,TERMINAL GAMMA,PACIFIC,22558,6894,30294
2026,11,6,201,TERMINAL GAMMA,PACIFIC,12650,4021,15985
2026,11,7,201,TERMINAL GAMMA,PACIFIC,1190,393,1637
2026,11,1,301,TERMINAL DELTA,PRAIRIES,933,275,1110
2026,11,2,301,TERMINAL DELTA,PRAIRIES,17855,5647,23147
2026,11,3,301,TERMINAL DELTA,PRAIRIES,20535,5431,25090
2026,11,4,301,TERMINAL DELTA,PRAIRIES,19584,5854,24033
2026,11,5,301,TERMINAL DELTA,PRAIRIES,14552,4462,18995
2026,11,6,301,TERMINAL DELTA,PRAIRIES,11125,3196,14586
2026,11,7,301,TERMINAL DELTA,PRAIRIES,2053,587,2807
2026,11,1,401,TERMINAL EPSILON,QUEBEC,1003,306,1252
2026,11,2,401,TERMINAL EPSILON,QUEBEC,14547,4596,17871
2026,11,3,401,TERMINAL EPSILON,QUEBEC,17866,5474,22523
2026,11,4,401,TERMINAL EPSILON,QUEBEC,15295,4275,19731
2026,11,5,401,TERMINAL EPSILON,QUEBEC,12804,4331,17307
2026,11,6,401,TERMINAL EPSILON,QUEBEC,11050,3231,14481
2026,11,7,401,TERMINAL EPSILON,QUEBEC,1077,364,1382
2026,12,1,12,TORONTO WEST,GREATER TORONTO AREA,621,179,810
2026,12,2,12,TORONTO WEST,GREATER TORONTO AREA,24801,7636,34360
2026,12,3,12,TORONTO WEST,GREATER TORONTO AREA,14413,4150,18569
2026,12,4,12,TORONTO WEST,GREATER TORONTO AREA,17904,5375,22566
2026,12,5,12,TORONTO WEST,GREATER TORONTO AREA,17279,5457,22186
2026,12,6,12,TORONTO WEST,GREATER TORONTO AREA,15242,4310,20243
2026,12,7,12,TORONTO WEST,GREATER TORONTO AREA,1920,603,2740
2026,12,1,40,NORTH BAY,NORTH EASTERN ONTARIO,1181,372,1467
2026,12,2,40,NORTH BAY,NORTH EASTERN ONTARIO,16619,5027,21476
2026,12,3,40,NORTH BAY,NORTH EASTERN ONTARIO,20982,6895,27103
2026,12,4,40,NORTH BAY,NORTH EASTERN ONTARIO,21693,7282,28917
2026,12,5,40,NORTH BAY,NORTH EASTERN ONTARIO,18792,5405,24434
2026,12,6,40,NORTH BAY,NORTH EASTERN ONTARIO,12137,3539,15826
2026,12,7,40,NORTH BAY,NORTH EASTERN ONTARIO,1592,466,1957
2026,12,1,41,SAULT STE MARIE,NORTH EASTERN ONTARIO,887,252,1104
2026,12,2,41,SAULT STE MARIE,NORTH EASTERN ONTARIO,16802,5135,22908
2026,12,3,41,SAULT STE MARIE,NORTH EASTERN ONTARIO,16368,5210,22552
2026,12,4,41,SAULT STE MARIE,NORTH EASTERN ONTARIO,11863,3794,14594
2026,12,5,41,SAULT STE MARIE,NORTH EASTERN ONTARIO,21789,7472,29486
2026,12,6,41,SAULT STE MARIE,NORTH EASTERN ONTARIO,13751,3971,19560
2026,12,7,41,SAULT STE MARIE,NORTH EASTERN ONTARIO,2324,691,2939
2026,12,1,101,TERMINAL ALPHA,GREATER TORONTO AREA,1217,324,1498
2026,12,2,101,TERMINAL ALPHA,GREATER TORONTO AREA,24878,8333,32597
2026,12,3,101,TERMINAL ALPHA,GREATER TORONTO AREA,12441,4033,16165
2026,12,4,101,TERMINAL ALPHA,GREATER TORONTO AREA,11799,3552,15492
2026,12,5,101,TERMINAL ALPHA,GREATER TORONTO AREA,17796,5058,24927
2026,12,6,101,TERMINAL ALPHA,GREATER TORONTO AREA,16251,4614,20842
2026,12,7,101,TERMINAL ALPHA,GREATER TORONTO AREA,1268,354,1683
2026,12,1,102,TERMINAL BETA,ATLANTIC,770,225,1031
2026,12,2,102,TERMINAL BETA,ATLANTIC,13288,4336,18888
2026,12,3,102,TERMINAL BETA,ATLANTIC,21206,6345,27437
2026,12,4,102,TERMINAL BETA,ATLANTIC,19446,6077,26843
2026,12,5,102,TERMINAL BETA,ATLANTIC,18046,5866,22822
2026,12,6,102,TERMINAL BETA,ATLANTIC,15249,4143,20413
2026,12,7,102,TERMINAL BETA,ATLANTIC,1907,628,2510
2026,12,1,201,TERMINAL GAMMA,PACIFIC,743,218,1005
2026,12,2,201,TERMINAL GAMMA,PACIFIC,22982,6967,29237
2026,12,3,201,TERMINAL GAMMA,PACIFIC,12129,3331,16589
2026,12,4,201,TERMINAL GAMMA,PACIFIC,20361,5459,25658
2026,12,5,201,TERMINAL GAMMA,PACIFIC,13972,4127,18210
2026,12,6,201,TERMINAL GAMMA,PACIFIC,14372,4296,17839
2026,12,7,201,TERMINAL GAMMA,PACIFIC,1566,491,2030
2026,12,1,301,TERMINAL DELTA,PRAIRIES,742,229,916
2026,12,2,301,TERMINAL DELTA,PRAIRIES,13753,4087,18544
2026,12,3,301,TERMINAL DELTA,PRAIRIES,20021,5733,25341
2026,12,4,301,TERMINAL DELTA,PRAIRIES,17109,4732,23311
2026,12,5,301,TERMINAL DELTA,PRAIRIES,23234,6501,30450
2026,12,6,301,TERMINAL DELTA,PRAIRIES,13602,3660,17507
2026,12,7,301,TERMINAL DELTA,PRAIRIES,1873,583,2374
2026,12,1,401,TERMINAL EPSILON,QUEBEC,697,212,873
2026,12,2,401,TERMINAL EPSILON,QUEBEC,18289,4808,23664
2026,12,3,401,TERMINAL EPSILON,QUEBEC,16604,5065,23054
2026,12,4,401,TERMINAL EPSILON,QUEBEC,16724,5345,22007
2026,12,5,401,TERMINAL EPSILON,QUEBEC,19087,5638,25474
2026,12,6,401,TERMINAL EPSILON,QUEBEC,8766,2869,11097
2026,12,7,401,TERMINAL EPSILON,QUEBEC,1230,354,1612
2026,13,1,12,TORONTO WEST,GREATER TORONTO AREA,1163,324,1541
2026,13,2,12,TORONTO WEST,GREATER TORONTO AREA,26766,7798,34818
2026,13,3,12,TORONTO WEST,GREATER TORONTO AREA,14999,4548,19447
2026,13,4,12,TORONTO WEST,GREATER TORONTO AREA,16190,5080,21337
2026,13,5,12,TORONTO WEST,GREATER TORONTO AREA,19724,5873,26208
2026,13,6,12,TORONTO WEST,GREATER TORONTO AREA,13845,3700,17603
2026,13,7,12,TORONTO WEST,GREATER TORONTO AREA,1684,474,2111
2026,13,1,40,NORTH BAY,NORTH EASTERN ONTARIO,722,224,951
2026,13,2,40,NORTH BAY,NORTH EASTERN ONTARIO,15799,4434,21378
2026,13,3,40,NORTH BAY,NORTH EASTERN ONTARIO,24212,6799,33742
2026,13,4,40,NORTH BAY,NORTH EASTERN ONTARIO,15329,5145,21356
2026,13,5,40,NORTH BAY,NORTH EASTERN ONTARIO,12125,3981,15859
2026,13,6,40,NORTH BAY,NORTH EASTERN ONTARIO,13632,4580,18432
2026,13,7,40,NORTH BAY,NORTH EASTERN ONTARIO,1841,531,2230
2026,13,1,41,SAULT STE MARIE,NORTH EASTERN ONTARIO,911,272,1153
2026,13,2,41,SAULT STE MARIE,NORTH EASTERN ONTARIO,15734,4702,18919
2026,13,3,41,SAULT STE MARIE,NORTH EASTERN ONTARIO,22793,7445,29553
2026,13,4,41,SAULT STE MARIE,NORTH EASTERN ONTARIO,25289,6832,30055
2026,13,5,41,SAULT STE MARIE,NORTH EASTERN ONTARIO,12961,3453,16800
2026,13,6,41,SAULT STE MARIE,NORTH EASTERN ONTARIO,15352,4917,21002
2026,13,7,41,SAULT STE MARIE,NORTH EASTERN ONTARIO,2118,649,2719
2026,13,1,101,TERMINAL ALPHA,GREATER TORONTO AREA,923,301,1149
2026,13,2,101,TERMINAL ALPHA,GREATER TORONTO AREA,20973,6105,25948
2026,13,3,101,TERMINAL ALPHA,GREATER TORONTO AREA,21647,5624,26019
2026,13,4,101,TERMINAL ALPHA,GREATER TORONTO AREA,18300,5572,22524
2026,13,5,101,TERMINAL ALPHA,GREATER TORONTO AREA,13983,3675,17264
2026,13,6,101,TERMINAL ALPHA,GREATER TORONTO AREA,13217,3843,17140
2026,13,7,101,TERMINAL ALPHA,GREATER TORONTO AREA,1526,428,2079
2026,13,1,102,TERMINAL BETA,ATLANTIC,1029,341,1449
2026,13,2,102,TERMINAL BETA,ATLANTIC,26341,8366,34739
2026,13,3,102,TERMINAL BETA,ATLANTIC,13135,3884,16810
2026,13,4,102,TERMINAL BETA,ATLANTIC,22066,6415,30385
2026,13,5,102,TERMINAL BETA,ATLANTIC,16941,4932,22912
2026,13,6,102,TERMINAL BETA,ATLANTIC,9227,2736,12018
2026,13,7,102,TERMINAL BETA,ATLANTIC,1267,337,1624
2026,13,1,201,TERMINAL GAMMA,PACIFIC,747,239,1038
2026,13,2,201,TERMINAL GAMMA,PACIFIC,20054,5618,25774
2026,13,3,201,TERMINAL GAMMA,PACIFIC,14229,4088,17624
2026,13,4,201,TERMINAL GAMMA,PACIFIC,19177,5830,23110
2026,13,5,201,TERMINAL GAMMA,PACIFIC,21463,6372,28931
2026,13,6,201,TERMINAL GAMMA,PACIFIC,11877,3534,16766
2026,13,7,201,TERMINAL GAMMA,PACIFIC,2013,560,2573
2026,13,1,301,TERMINAL DELTA,PRAIRIES,1061,297,1444
2026,13,2,301,TERMINAL DELTA,PRAIRIES,20184,6234,27680
2026,13,3,301,TERMINAL DELTA,PRAIRIES,14647,4855,20685
2026,13,4,301,TERMINAL DELTA,PRAIRIES,16925,5187,22334
2026,13,5,301,TERMINAL DELTA,PRAIRIES,17232,5836,22517
2026,13,6,301,TERMINAL DELTA,PRAIRIES,12334,3752,15462
2026,13,7,301,TERMINAL DELTA,PRAIRIES,1823,507,2341
2026,13,1,401,TERMINAL EPSILON,QUEBEC,638,182,862
2026,13,2,401,TERMINAL EPSILON,QUEBEC,24451,7096,29709
2026,13,3,401,TERMINAL EPSILON,QUEBEC,15492,4150,19285
2026,13,4,401,TERMINAL EPSILON,QUEBEC,20559,6202,28152
2026,13,5,401,TERMINAL EPSILON,QUEBEC,17178,5614,22533
2026,13,6,401,TERMINAL EPSILON,QUEBEC,12674,4239,16426
2026,13,7,401,TERMINAL EPSILON,QUEBEC,1386,384,1744
2026,14,1,12,TORONTO WEST,GREATER TORONTO AREA,1011,306,1301
2026,14,2,12,TORONTO WEST,GREATER TORONTO AREA,26500,8499,33332
2026,14,3,12,TORONTO WEST,GREATER TORONTO AREA,20985,6205,27683
2026,14,4,12,TORONTO WEST,GREATER TORONTO AREA,19553,5484,24130
2026,14,5,12,TORONTO WEST,GREATER TORONTO AREA,22456,6468,27815
2026,14,6,12,TORONTO WEST,GREATER TORONTO AREA,9409,2835,12175
2026,14,7,12,TORONTO WEST,GREATER TORONTO AREA,2029,611,2651
2026,14,1,40,NORTH BAY,NORTH EASTERN ONTARIO,976,284,1307
2026,14,2,40,NORTH BAY,NORTH EASTERN ONTARIO,17782,5387,22684
2026,14,3,40,NORTH BAY,NORTH EASTERN ONTARIO,22622,6508,27816
2026,14,4,40,NORTH BAY,NORTH EASTERN ONTARIO,17818,5096,23801
2026,14,5,40,NORTH BAY,NORTH EASTERN ONTARIO,25290,7582,32420
2026,14,6,40,NORTH BAY,NORTH EASTERN ONTARIO,17185,5108,21205
2026,14,7,40,NORTH BAY,NORTH EASTERN ONTARIO,1342,436,1816
2026,14,1,41,SAULT STE MARIE,NORTH EASTERN ONTARIO,646,197,883
2026,14,2,41,SAULT STE MARIE,NORTH EASTERN ONTARIO,18247,4897,24436
2026,14,3,41,SAULT STE MARIE,NORTH EASTERN ONTARIO,26372,8138,35091
2026,14,4,41,SAULT STE MARIE,NORTH EASTERN ONTARIO,25139,7892,31535
2026,14,5,41,SAULT STE MARIE,NORTH EASTERN ONTARIO,14502,4621,18586
2026,14,6,41,SAULT STE MARIE,NORTH EASTERN ONTARIO,13568,4349,18040
2026,14,7,41,SAULT STE MARIE,NORTH EASTERN ONTARIO,2189,719,3042
2026,14,1,101,TERMINAL ALPHA,GREATER TORONTO AREA,694,192,895
2026,14,2,101,TERMINAL ALPHA,GREATER TORONTO AREA,22085,6316,29951
2026,14,3,101,TERMINAL ALPHA,GREATER TORONTO AREA,23439,7873,32311
2026,14,4,101,TERMINAL ALPHA,GREATER TORONTO AREA,20349,6890,27423
2026,14,5,101,TERMINAL ALPHA,GREATER TORONTO AREA,19286,5814,25848
2026,14,6,101,TERMINAL ALPHA,GREATER TORONTO AREA,9412,2893,11787
2026,14,7,101,TERMINAL ALPHA,GREATER TORONTO AREA,1988,563,2520
2026,14,1,102,TERMINAL BETA,ATLANTIC,679,185,890
2026,14,2,102,TERMINAL BETA,ATLANTIC,25671,7527,32968
2026,14,3,102,TERMINAL BETA,ATLANTIC,21240,5777,25489
2026,14,4,102,TERMINAL BETA,ATLANTIC,20917,6508,25850
2026,14,5,102,TERMINAL BETA,ATLANTIC,22802,7094,29890
2026,14,6,102,TERMINAL BETA,ATLANTIC,9557,3062,12932
2026,14,7,102,TERMINAL BETA,ATLANTIC,1372,444,1843
2026,14,1,201,TERMINAL GAMMA,PACIFIC,964,287,1311
2026,14,2,201,TERMINAL GAMMA,PACIFIC,25055,7277,32452
2026,14,3,201,TERMINAL GAMMA,PACIFIC,13121,4110,15908
2026,14,4,201,TERMINAL GAMMA,PACIFIC,18064,5338,22654
2026,14,5,201,TERMINAL GAMMA,PACIFIC,13628,4145,17461
2026,14,6,201,TERMINAL GAMMA,PACIFIC,9201,2477,12173
2026,14,7,201,TERMINAL GAMMA,PACIFIC,2376,760,3049
2026,14,1,301,TERMINAL DELTA,PRAIRIES,799,243,1068
2026,14,2,301,TERMINAL DELTA,PRAIRIES,22945,7226,28867
2026,14,3,301,TERMINAL DELTA,PRAIRIES,22718,7382,28199
2026,14,4,301,TERMINAL DELTA,PRAIRIES,21680,5935,28888
2026,14,5,301,TERMINAL DELTA,PRAIRIES,17415,5432,22018
2026,14,6,301,TERMINAL DELTA,PRAIRIES,11027,3522,15244
2026,14,7,301,TERMINAL DELTA,PRAIRIES,1716,491,2289
2026,14,1,401,TERMINAL EPSILON,QUEBEC,1190,380,1662
2026,14,2,401,TERMINAL EPSILON,QUEBEC,19969,6585,25755
2026,14,3,401,TERMINAL EPSILON,QUEBEC,16245,4820,19704
2026,14,4,401,TERMINAL EPSILON,QUEBEC,21462,5695,26235
2026,14,5,401,TERMINAL EPSILON,QUEBEC,19395,6542,26466
2026,14,6,401,TERMINAL EPSILON,QUEBEC,13322,4117,17571
2026,14,7,401,TERMINAL EPSILON,QUEBEC,2251,673,3016
2026,15,1,12,TORONTO WEST,GREATER TORONTO AREA,1145,312,1413
2026,15,2,12,TORONTO WEST,GREATER TORONTO AREA,15661,4369,18923
2026,15,3,12,TORONTO WEST,GREATER TORONTO AREA,16789,5625,22350
2026,15,4,12,TORONTO WEST,GREATER TORONTO AREA,18018,4856,21771
2026,15,5,12,TORONTO WEST,GREATER TORONTO AREA,21074,6522,26404
2026,15,6,12,TORONTO WEST,GREATER TORONTO AREA,16467,4882,21221
2026,15,7,12,TORONTO WEST,GREATER TORONTO AREA,1907,596,2447
2026,15,1,40,NORTH BAY,NORTH EASTERN ONTARIO,1233,387,1611
2026,15,2,40,NORTH BAY,NORTH EASTERN ONTARIO,24115,8158,34204
2026,15,3,40,NORTH BAY,NORTH EASTERN ONTARIO,25726,7978,31650
2026,15,4,40,NORTH BAY,NORTH EASTERN ONTARIO,12861,3896,16687
2026,15,5,40,NORTH BAY,NORTH EASTERN ONTARIO,25481,7701,31581
2026,15,6,40,NORTH BAY,NORTH EASTERN ONTARIO,10509,3247,12727
2026,15,7,40,NORTH BAY,NORTH EASTERN ONTARIO,1368,420,1784
2026,15,1,41,SAULT STE MARIE,NORTH EASTERN ONTARIO,882,279,1111
2026,15,2,41,SAULT STE MARIE,NORTH EASTERN ONTARIO,20915,5666,27993
2026,15,3,41,SAULT STE MARIE,NORTH EASTERN ONTARIO,26393,8162,34742
2026,15,4,41,SAULT STE MARIE,NORTH EASTERN ONTARIO,16509,5189,21823
2026,15,5,41,SAULT STE MARIE,NORTH EASTERN ONTARIO,21455,6529,28071
2026,15,6,41,SAULT STE MARIE,NORTH EASTERN ONTARIO,16582,5472,23361
2026,15,7,41,SAULT STE MARIE,NORTH EASTERN ONTARIO,2151,716,2986
2026,15,1,101,TERMINAL ALPHA,GREATER TORONTO AREA,1210,387,1521
2026,15,2,101,TERMINAL ALPHA,GREATER TORONTO AREA,22495,7246,30149
2026,15,3,101,TERMINAL ALPHA,GREATER TORONTO AREA,22596,7437,30709
2026,15,4,101,TERMINAL ALPHA,GREATER TORONTO AREA,24649,7013,31448
2026,15,5,101,TERMINAL ALPHA,GREATER TORONTO AREA,25006,8259,32268
2026,15,6,101,TERMINAL ALPHA,GREATER TORONTO AREA,9214,2917,11035
2026,15,7,101,TERMINAL ALPHA,GREATER TORONTO AREA,2447,749,3106
2026,15,1,102,TERMINAL BETA,ATLANTIC,897,266,1233
2026,15,2,102,TERMINAL BETA,ATLANTIC,25479,8163,34279
2026,15,3,102,TERMINAL BETA,ATLANTIC,24186,7867,31943
2026,15,4,102,TERMINAL BETA,ATLANTIC,16104,5108,20547
2026,15,5,102,TERMINAL BETA,ATLANTIC,19424,5113,24987
2026,15,6,102,TERMINAL BETA,ATLANTIC,9040,2876,11916
2026,15,7,102,TERMINAL BETA,ATLANTIC,1652,530,2130
2026,15,1,201,TERMINAL GAMMA,PACIFIC,954,293,1222
2026,15,2,201,TERMINAL GAMMA,PACIFIC,25527,8552,33700
2026,15,3,201,TERMINAL GAMMA,PACIFIC,24793,6999,32603
2026,15,4,201,TERMINAL GAMMA,PACIFIC,15755,4635,20529
2026,15,5,201,TERMINAL GAMMA,PACIFIC,18557,5502,25389
2026,15,6,201,TERMINAL GAMMA,PACIFIC,15540,4557,20688
2026,15,7,201,TERMINAL GAMMA,PACIFIC,2598,824,3502
2026,15,1,301,TERMINAL DELTA,PRAIRIES,1060,334,1351
2026,15,2,301,TERMINAL DELTA,PRAIRIES,28243,9221,37763
2026,15,3,301,TERMINAL DELTA,PRAIRIES,15688,4696,20711
2026,15,4,301,TERMINAL DELTA,PRAIRIES,13144,3610,17036
2026,15,5,301,TERMINAL DELTA,PRAIRIES,19242,5762,25889
2026,15,6,301,TERMINAL DELTA,PRAIRIES,12586,3906,16351
2026,15,7,301,TERMINAL DELTA,PRAIRIES,2091,657,2832
2026,15,1,401,TERMINAL EPSILON,QUEBEC,1242,383,1664
2026,15,2,401,TERMINAL EPSILON,QUEBEC,16999,5445,20824
2026,15,3,401,TERMINAL EPSILON,QUEBEC,17611,4903,21980
2026,15,4,401,TERMINAL EPSILON,QUEBEC,21731,6809,28202
2026,15,5,401,TERMINAL EPSILON,QUEBEC,16211,5225,20887
2026,15,6,401,TERMINAL EPSILON,QUEBEC,15168,4675,20308
2026,15,7,401,TERMINAL EPSILON,QUEBEC,2020,629,2620
2026,16,1,12,TORONTO WEST,GREATER TORONTO AREA,902,236,1107
2026,16,2,12,TORONTO WEST,GREATER TORONTO AREA,26280,8078,33416
2026,16,3,12,TORONTO WEST,GREATER TORONTO AREA,27109,8551,32356
2026,16,4,12,TORONTO WEST,GREATER TORONTO AREA,15564,4459,20532
2026,16,5,12,TORONTO WEST,GREATER TORONTO AREA,23674,6644,33547
2026,16,6,12,TORONTO WEST,GREATER TORONTO AREA,12779,4077,17801
2026,16,7,12,TORONTO WEST,GREATER TORONTO AREA,2414,745,3109
2026,16,1,40,NORTH BAY,NORTH EASTERN ONTARIO,1121,353,1411
2026,16,2,40,NORTH BAY,NORTH EASTERN ONTARIO,22680,6668,31218
2026,16,3,40,NORTH BAY,NORTH EASTERN ONTARIO,23083,7184,28990
2026,16,4,40,NORTH BAY,NORTH EASTERN ONTARIO,26017,7529,32104
2026,16,5,40,NORTH BAY,NORTH EASTERN ONTARIO,23287,6751,28432
2026,16,6,40,NORTH BAY,NORTH EASTERN ONTARIO,13131,4060,16417
2026,16,7,40,NORTH BAY,NORTH EASTERN ONTARIO,2562,795,3498
2026,16,1,41,SAULT STE MARIE,NORTH EASTERN ONTARIO,1062,321,1322
2026,16,2,41,SAULT STE MARIE,NORTH EASTERN ONTARIO,28775,7961,39379
2026,16,3,41,SAULT STE MARIE,NORTH EASTERN ONTARIO,23206,7461,29969
2026,16,4,41,SAULT STE MARIE,NORTH EASTERN ONTARIO,17243,5679,22777
2026,16,5,41,SAULT STE MARIE,NORTH EASTERN ONTARIO,20017,6288,26478
2026,16,6,41,SAULT STE MARIE,NORTH EASTERN ONTARIO,12996,3747,16750
2026,16,7,41,SAULT STE MARIE,NORTH EASTERN ONTARIO,2286,620,2956
2026,16,1,101,TERMINAL ALPHA,GREATER TORONTO AREA,1255,361,1726
2026,16,2,101,TERMINAL ALPHA,GREATER TORONTO AREA,27413,8364,35787
2026,16,3,101,TERMINAL ALPHA,GREATER TORONTO AREA,17422,5138,22218
2026,16,4,101,TERMINAL ALPHA,GREATER TORONTO AREA,15921,4791,20786
2026,16,5,101,TERMINAL ALPHA,GREATER TORONTO AREA,24410,7813,29996
2026,16,6,101,TERMINAL ALPHA,GREATER TORONTO AREA,17651,5850,24408
2026,16,7,101,TERMINAL ALPHA,GREATER TORONTO AREA,2254,688,2880
2026,16,1,102,TERMINAL BETA,ATLANTIC,668,194,842
2026,16,2,102,TERMINAL BETA,ATLANTIC,22348,6580,29379
2026,16,3,102,TERMINAL BETA,ATLANTIC,18945,5661,24568
2026,16,4,102,TERMINAL BETA,ATLANTIC,21590,6730,30286
2026,16,5,102,TERMINAL BETA,ATLANTIC,18664,5319,25124
2026,16,6,102,TERMINAL BETA,ATLANTIC,12512,3340,14733
2026,16,7,102,TERMINAL BETA,ATLANTIC,1944,594,2629
2026,16,1,201,TERMINAL GAMMA,PACIFIC,852,236,1019
2026,16,2,201,TERMINAL GAMMA,PACIFIC,14366,4676,18555
2026,16,3,201,TERMINAL GAMMA,PACIFIC,23292,6453,29202
2026,16,4,201,TERMINAL GAMMA,PACIFIC,21359,6923,28294
2026,16,5,201,TERMINAL GAMMA,PACIFIC,12306,3518,16563
2026,16,6,201,TERMINAL GAMMA,PACIFIC,13657,4083,18086
2026,16,7,201,TERMINAL GAMMA,PACIFIC,2477,671,3148
2026,16,1,301,TERMINAL DELTA,PRAIRIES,757,237,947
2026,16,2,301,TERMINAL DELTA,PRAIRIES,16202,5302,21732
2026,16,3,301,TERMINAL DELTA,PRAIRIES,21457,6378,28687
2026,16,4,301,TERMINAL DELTA,PRAIRIES,20065,6534,25721
2026,16,5,301,TERMINAL DELTA,PRAIRIES,15501,4810,19275
2026,16,6,301,TERMINAL DELTA,PRAIRIES,10036,3316,13290
2026,16,7,301,TERMINAL DELTA,PRAIRIES,2541,830,3259
2026,16,1,401,TERMINAL EPSILON,QUEBEC,1369,363,1635
2026,16,2,401,TERMINAL EPSILON,QUEBEC,20396,6357,25709
2026,16,3,401,TERMINAL EPSILON,QUEBEC,23841,6841,32808
2026,16,4,401,TERMINAL EPSILON,QUEBEC,14208,3849,18521
2026,16,5,401,TERMINAL EPSILON,QUEBEC,24027,6936,30156
2026,16,6,401,TERMINAL EPSILON,QUEBEC,16194,5537,22526
2026,16,7,401,TERMINAL EPSILON,QUEBEC,2352,698,2800
2026,17,1,12,TORONTO WEST,GREATER TORONTO AREA,891,269,1092
2026,17,2,12,TORONTO WEST,GREATER TORONTO AREA,18885,5711,24937
2026,17,3,12,TORONTO WEST,GREATER TORONTO AREA,29128,8517,36674
2026,17,4,12,TORONTO WEST,GREATER TORONTO AREA,19064,5864,24497
2026,17,5,12,TORONTO WEST,GREATER TORONTO AREA,25004,7856,32418
2026,17,6,12,TORONTO WEST,GREATER TORONTO AREA,17555,5140,22576
2026,17,7,12,TORONTO WEST,GREATER TORONTO AREA,2137,592,2654
2026,17,1,40,NORTH BAY,NORTH EASTERN ONTARIO,1101,314,1315
2026,17,2,40,NORTH BAY,NORTH EASTERN ONTARIO,25232,8001,33575
2026,17,3,40,NORTH BAY,NORTH EASTERN ONTARIO,16797,5580,23225
2026,17,4,40,NORTH BAY,NORTH EASTERN ONTARIO,15813,4910,20043
2026,17,5,40,NORTH BAY,NORTH EASTERN ONTARIO,13435,4004,17182
2026,17,6,40,NORTH BAY,NORTH EASTERN ONTARIO,16665,4913,22212
2026,17,7,40,NORTH BAY,NORTH EASTERN ONTARIO,1738,585,2420
2026,17,1,41,SAULT STE MARIE,NORTH EASTERN ONTARIO,1054,342,1492
2026,17,2,41,SAULT STE MARIE,NORTH EASTERN ONTARIO,30376,8447,40328
2026,17,3,41,SAULT STE MARIE,NORTH EASTERN ONTARIO,22930,6428,29172
2026,17,4,41,SAULT STE MARIE,NORTH EASTERN ONTARIO,20804,6366,28306
2026,17,5,41,SAULT STE MARIE,NORTH EASTERN ONTARIO,25902,8625,33969
2026,17,6,41,SAULT STE MARIE,NORTH EASTERN ONTARIO,19062,5454,24159
2026,17,7,41,SAULT STE MARIE,NORTH EASTERN ONTARIO,2285,747,3100
2026,17,1,101,TERMINAL ALPHA,GREATER TORONTO AREA,710,218,928
2026,17,2,101,TERMINAL ALPHA,GREATER TORONTO AREA,29020,8202,38019
2026,17,3,101,TERMINAL ALPHA,GREATER TORONTO AREA,18261,5692,23610
2026,17,4,101,TERMINAL ALPHA,GREATER TORONTO AREA,23776,7559,28865
2026,17,5,101,TERMINAL ALPHA,GREATER TORONTO AREA,20027,5958,24316
2026,17,6,101,TERMINAL ALPHA,GREATER TORONTO AREA,12990,3780,16723
2026,17,7,101,TERMINAL ALPHA,GREATER TORONTO AREA,2318,714,2840
2026,17,1,102,TERMINAL BETA,ATLANTIC,1006,289,1326
2026,17,2,102,TERMINAL BETA,ATLANTIC,17829,5106,23483
2026,17,3,102,TERMINAL BETA,ATLANTIC,20002,6460,28043
2026,17,4,102,TERMINAL BETA,ATLANTIC,19869,5345,23848
2026,17,5,102,TERMINAL BETA,ATLANTIC,25838,7164,32571
2026,17,6,102,TERMINAL BETA,ATLANTIC,15968,4771,19883
2026,17,7,102,TERMINAL BETA,ATLANTIC,1353,399,1778
2026,17,1,201,TERMINAL GAMMA,PACIFIC,653,186,889
2026,17,2,201,TERMINAL GAMMA,PACIFIC,16026,4582,20646
2026,17,3,201,TERMINAL GAMMA,PACIFIC,20255,6736,26609
2026,17,4,201,TERMINAL GAMMA,PACIFIC,13221,4174,17619
2026,17,5,201,TERMINAL GAMMA,PACIFIC,15420,5029,20433
2026,17,6,201,TERMINAL GAMMA,PACIFIC,9660,3065,12328
2026,17,7,201,TERMINAL GAMMA,PACIFIC,2084,571,2725
2026,17,1,301,TERMINAL DELTA,PRAIRIES,1314,421,1702
2026,17,2,301,TERMINAL DELTA,PRAIRIES,27187,7791,32845
2026,17,3,301,TERMINAL DELTA,PRAIRIES,16208,4695,20525
2026,17,4,301,TERMINAL DELTA,PRAIRIES,21928,6614,28246
2026,17,5,301,TERMINAL DELTA,PRAIRIES,24699,8034,33977
2026,17,6,301,TERMINAL DELTA,PRAIRIES,9492,3099,12361
2026,17,7,301,TERMINAL DELTA,PRAIRIES,2041,604,2877
2026,17,1,401,TERMINAL EPSILON,QUEBEC,939,272,1163
2026,17,2,401,TERMINAL EPSILON,QUEBEC,23335,7653,29762
2026,17,3,401,TERMINAL EPSILON,QUEBEC,23948,7229,30490
2026,17,4,401,TERMINAL EPSILON,QUEBEC,24883,7937,33006
2026,17,5,401,TERMINAL EPSILON,QUEBEC,16383,5185,21944
2026,17,6,401,TERMINAL EPSILON,QUEBEC,11045,2997,13841
2026,17,7,401,TERMINAL EPSILON,QUEBEC,2324,713,3037
2026,18,1,12,TORONTO WEST,GREATER TORONTO AREA,1217,347,1552
2026,18,2,12,TORONTO WEST,GREATER TORONTO AREA,16726,4796,21812
2026,18,3,12,TORONTO WEST,GREATER TORONTO AREA,26948,8304,33791
2026,18,4,12,TORONTO WEST,GREATER TORONTO AREA,16174,4847,20531
2026,18,5,12,TORONTO WEST,GREATER TORONTO AREA,23110,6345,30848
2026,18,6,12,TORONTO WEST,GREATER TORONTO AREA,16997,4987,22399
2026,18,7,12,TORONTO WEST,GREATER TORONTO AREA,2186,649,2771
2026,18,1,40,NORTH BAY,NORTH EASTERN ONTARIO,888,248,1164
2026,18,2,40,NORTH BAY,NORTH EASTERN ONTARIO,17491,5541,23417
2026,18,3,40,NORTH BAY,NORTH EASTERN ONTARIO,24134,7510,32096
2026,18,4,40,NORTH BAY,NORTH EASTERN ONTARIO,21331,6084,28464
2026,18,5,40,NORTH BAY,NORTH EASTERN ONTARIO,19959,6010,26061
2026,18,6,40,NORTH BAY,NORTH EASTERN ONTARIO,18727,5678,24548
2026,18,7,40,NORTH BAY,NORTH EASTERN ONTARIO,1548,473,2080
2026,18,1,41,SAULT STE MARIE,NORTH EASTERN ONTARIO,1143,305,1420
2026,18,2,41,SAULT STE MARIE,NORTH EASTERN ONTARIO,20653,5724,25590
2026,18,3,41,SAULT STE MARIE,NORTH EASTERN ONTARIO,15472,4836,20443
2026,18,4,41,SAULT STE MARIE,NORTH EASTERN ONTARIO,23289,7351,30037
2026,18,5,41,SAULT STE MARIE,NORTH EASTERN ONTARIO,26255,8820,33895
2026,18,6,41,SAULT STE MARIE,NORTH EASTERN ONTARIO,15228,4532,19110
2026,18,7,41,SAULT STE MARIE,NORTH EASTERN ONTARIO,1539,464,1962
2026,18,1,101,TERMINAL ALPHA,GREATER TORONTO AREA,812,274,1137
2026,18,2,101,TERMINAL ALPHA,GREATER TORONTO AREA,29641,9745,37692
2026,18,3,101,TERMINAL ALPHA,GREATER TORONTO AREA,19808,6098,25779
2026,18,4,101,TERMINAL ALPHA,GREATER TORONTO AREA,13567,4176,19283
2026,18,5,101,TERMINAL ALPHA,GREATER TORONTO AREA,19939,6271,25684
2026,18,6,101,TERMINAL ALPHA,GREATER TORONTO AREA,15071,4172,19811
2026,18,7,101,TERMINAL ALPHA,GREATER TORONTO AREA,2261,655,3107
2026,18,1,102,TERMINAL BETA,ATLANTIC,1278,377,1729
2026,18,2,102,TERMINAL BETA,ATLANTIC,15279,4932,19803
2026,18,3,102,TERMINAL BETA,ATLANTIC,16625,4530,21093
2026,18,4,102,TERMINAL BETA,ATLANTIC,18370,5589,24574
2026,18,5,102,TERMINAL BETA,ATLANTIC,21651,6106,29466
2026,18,6,102,TERMINAL BETA,ATLANTIC,9632,3282,12352
2026,18,7,102,TERMINAL BETA,ATLANTIC,2181,722,2965
2026,18,1,201,TERMINAL GAMMA,PACIFIC,1004,313,1355
2026,18,2,201,TERMINAL GAMMA,PACIFIC,14038,4222,19626
2026,18,3,201,TERMINAL GAMMA,PACIFIC,16765,5085,21720
2026,18,4,201,TERMINAL GAMMA,PACIFIC,20647,5689,25611
2026,18,5,201,TERMINAL GAMMA,PACIFIC,21712,5914,27299
2026,18,6,201,TERMINAL GAMMA,PACIFIC,17505,5705,23020
2026,18,7,201,TERMINAL GAMMA,PACIFIC,1541,475,2078
2026,18,1,301,TERMINAL DELTA,PRAIRIES,775,240,1002
2026,18,2,301,TERMINAL DELTA,PRAIRIES,23664,7593,29132
2026,18,3,301,TERMINAL DELTA,PRAIRIES,20073,5824,26797
2026,18,4,301,TERMINAL DELTA,PRAIRIES,14641,4304,19673
2026,18,5,301,TERMINAL DELTA,PRAIRIES,13944,4107,16675
2026,18,6,301,TERMINAL DELTA,PRAIRIES,11827,3163,14940
2026,18,7,301,TERMINAL DELTA,PRAIRIES,1455,483,1903
2026,18,1,401,TERMINAL EPSILON,QUEBEC,1100,321,1460
2026,18,2,401,TERMINAL EPSILON,QUEBEC,24828,6667,32536
2026,18,3,401,TERMINAL EPSILON,QUEBEC,23226,6830,31614
2026,18,4,401,TERMINAL EPSILON,QUEBEC,18682,5852,24219
2026,18,5,401,TERMINAL EPSILON,QUEBEC,19494,6128,26805
2026,18,6,401,TERMINAL EPSILON,QUEBEC,12324,3534,14968
2026,18,7,401,TERMINAL EPSILON,QUEBEC,2700,850,3501
2026,19,1,12,TORONTO WEST,GREATER TORONTO AREA,769,236,972
2026,19,2,12,TORONTO WEST,GREATER TORONTO AREA,25246,6804,33849
2026,19,3,12,TORONTO WEST,GREATER TORONTO AREA,22627,6262,30055
2026,19,4,12,TORONTO WEST,GREATER TORONTO AREA,20456,6657,27704
2026,19,5,12,TORONTO WEST,GREATER TORONTO AREA,19212,5886,22869
2026,19,6,12,TORONTO WEST,GREATER TORONTO AREA,16111,4514,21046
2026,19,7,12,TORONTO WEST,GREATER TORONTO AREA,1440,448,1788
2026,19,1,40,NORTH BAY,NORTH EASTERN ONTARIO,799,252,1077
2026,19,2,40,NORTH BAY,NORTH EASTERN ONTARIO,14760,4117,19594
2026,19,3,40,NORTH BAY,NORTH EASTERN ONTARIO,21420,6756,27847
2026,19,4,40,NORTH BAY,NORTH EASTERN ONTARIO,20941,5954,28042
2026,19,5,40,NORTH BAY,NORTH EASTERN ONTARIO,18381,5628,23879
2026,19,6,40,NORTH BAY,NORTH EASTERN ONTARIO,11038,3640,15420
2026,19,7,40,NORTH BAY,NORTH EASTERN ONTARIO,2494,784,3051
2026,19,1,41,SAULT STE MARIE,NORTH EASTERN ONTARIO,1276,357,1727
2026,19,2,41,SAULT STE MARIE,NORTH EASTERN ONTARIO,27398,7873,33824
2026,19,3,41,SAULT STE MARIE,NORTH EASTERN ONTARIO,24895,8229,35448
2026,19,4,41,SAULT STE MARIE,NORTH EASTERN ONTARIO,27897,7795,35160
2026,19,5,41,SAULT STE MARIE,NORTH EASTERN ONTARIO,21351,5661,26075
2026,19,6,41,SAULT STE MARIE,NORTH EASTERN ONTARIO,14880,5009,20186
2026,19,7,41,SAULT STE MARIE,NORTH EASTERN ONTARIO,1827,532,2578
2026,19,1,101,TERMINAL ALPHA,GREATER TORONTO AREA,1133,391,1524
2026,19,2,101,TERMINAL ALPHA,GREATER TORONTO AREA,25231,8080,33339
2026,19,3,101,TERMINAL ALPHA,GREATER TORONTO AREA,22576,7511,31411
2026,19,4,101,TERMINAL ALPHA,GREATER TORONTO AREA,24042,6915,28943
2026,19,5,101,TERMINAL ALPHA,GREATER TORONTO AREA,17082,5093,23158
2026,19,6,101,TERMINAL ALPHA,GREATER TORONTO AREA,18381,6077,25215
2026,19,7,101,TERMINAL ALPHA,GREATER TORONTO AREA,2027,541,2545
2026,19,1,102,TERMINAL BETA,ATLANTIC,1182,326,1491
2026,19,2,102,TERMINAL BETA,ATLANTIC,29406,8193,39691
2026,19,3,102,TERMINAL BETA,ATLANTIC,28254,8774,36729
2026,19,4,102,TERMINAL BETA,ATLANTIC,25272,6571,31354
2026,19,5,102,TERMINAL BETA,ATLANTIC,25754,7101,32505
2026,19,6,102,TERMINAL BETA,ATLANTIC,14632,4250,18221
2026,19,7,102,TERMINAL BETA,ATLANTIC,2053,535,2508
2026,19,1,201,TERMINAL GAMMA,PACIFIC,813,251,1035
2026,19,2,201,TERMINAL GAMMA,PACIFIC,22480,6715,28803
2026,19,3,201,TERMINAL GAMMA,PACIFIC,28464,9476,36903
2026,19,4,201,TERMINAL GAMMA,PACIFIC,16694,4868,20728
2026,19,5,201,TERMINAL GAMMA,PACIFIC,17684,5206,22550
2026,19,6,201,TERMINAL GAMMA,PACIFIC,13814,4127,17800
2026,19,7,201,TERMINAL GAMMA,PACIFIC,1930,564,2300
2026,19,1,301,TERMINAL DELTA,PRAIRIES,1271,391,1628
2026,19,2,301,TERMINAL DELTA,PRAIRIES,15185,4449,19019
2026,19,3,301,TERMINAL DELTA,PRAIRIES,15381,5006,21087
2026,19,4,301,TERMINAL DELTA,PRAIRIES,23785,7956,33313
2026,19,5,301,TERMINAL DELTA,PRAIRIES,19886,5769,26704
2026,19,6,301,TERMINAL DELTA,PRAIRIES,12033,3724,15742
2026,19,7,301,TERMINAL DELTA,PRAIRIES,2002,632,2630
2026,19,1,401,TERMINAL EPSILON,QUEBEC,1230,335,1645
2026,19,2,401,TERMINAL EPSILON,QUEBEC,26927,8543,35611
2026,19,3,401,TERMINAL EPSILON,QUEBEC,28413,9339,39543
2026,19,4,401,TERMINAL EPSILON,QUEBEC,24426,7724,30422
2026,19,5,401,TERMINAL EPSILON,QUEBEC,16228,5340,20297
2026,19,6,401,TERMINAL EPSILON,QUEBEC,14284,4332,18786
2026,19,7,401,TERMINAL EPSILON,QUEBEC,1701,559,2346
2026,20,1,12,TORONTO WEST,GREATER TORONTO AREA,863,258,1131
2026,20,2,12,TORONTO WEST,GREATER TORONTO AREA,29040,8654,36579
2026,20,3,12,TORONTO WEST,GREATER TORONTO AREA,15605,4688,18643
2026,20,4,12,TORONTO WEST,GREATER TORONTO AREA,18364,5114,22598
2026,20,5,12,TORONTO WEST,GREATER TORONTO AREA,21492,6990,29706
2026,20,6,12,TORONTO WEST,GREATER TORONTO AREA,16030,5164,19845
2026,20,7,12,TORONTO WEST,GREATER TORONTO AREA,2731,764,3455
2026,20,1,40,NORTH BAY,NORTH EASTERN ONTARIO,1246,331,1576
2026,20,2,40,NORTH BAY,NORTH EASTERN ONTARIO,20830,5955,28641
2026,20,3,40,NORTH BAY,NORTH EASTERN ONTARIO,19933,5662,26342
2026,20,4,40,NORTH BAY,NORTH EASTERN ONTARIO,19603,5837,26005
2026,20,5,40,NORTH BAY,NORTH EASTERN ONTARIO,14147,4881,20077
2026,20,6,40,NORTH BAY,NORTH EASTERN ONTARIO,15351,4473,20357
2026,20,7,40,NORTH BAY,NORTH EASTERN ONTARIO,1987,572,2639
2026,20,1,41,SAULT STE MARIE,NORTH EASTERN ONTARIO,830,267,1188
2026,20,2,41,SAULT STE MARIE,NORTH EASTERN ONTARIO,27554,8827,37511
2026,20,3,41,SAULT STE MARIE,NORTH EASTERN ONTARIO,25719,7506,33654
2026,20,4,41,SAULT STE MARIE,NORTH EASTERN ONTARIO,16503,5333,22786
2026,20,5,41,SAULT STE MARIE,NORTH EASTERN ONTARIO,26880,8130,33349
2026,20,6,41,SAULT STE MARIE,NORTH EASTERN ONTARIO,17901,5128,22563
2026,20,7,41,SAULT STE MARIE,NORTH EASTERN ONTARIO,2527,786,3202
2026,20,1,101,TERMINAL ALPHA,GREATER TORONTO AREA,1067,316,1515
2026,20,2,101,TERMINAL ALPHA,GREATER TORONTO AREA,24678,7469,30614
2026,20,3,101,TERMINAL ALPHA,GREATER TORONTO AREA,20772,6925,27759
2026,20,4,101,TERMINAL ALPHA,GREATER TORONTO AREA,17141,4998,22168
2026,20,5,101,TERMINAL ALPHA,GREATER TORONTO AREA,24503,7954,31051
2026,20,6,101,TERMINAL ALPHA,GREATER TORONTO AREA,13326,4110,17659
2026,20,7,101,TERMINAL ALPHA,GREATER TORONTO AREA,2320,703,2952
2026,20,1,102,TERMINAL BETA,ATLANTIC,949,297,1304
2026,20,2,102,TERMINAL BETA,ATLANTIC,25346,6959,32207
2026,20,3,102,TERMINAL BETA,ATLANTIC,27285,8909,34920
2026,20,4,102,TERMINAL BETA,ATLANTIC,23276,6749,28076
2026,20,5,102,TERMINAL BETA,ATLANTIC,16500,4635,22637
2026,20,6,102,TERMINAL BETA,ATLANTIC,18302,4867,24074
2026,20,7,102,TERMINAL BETA,ATLANTIC,2194,629,2977
2026,20,1,201,TERMINAL GAMMA,PACIFIC,843,234,1123
2026,20,2,201,TERMINAL GAMMA,PACIFIC,15753,4598,20337
2026,20,3,201,TERMINAL GAMMA,PACIFIC,16117,4557,19861
2026,20,4,201,TERMINAL GAMMA,PACIFIC,14966,4965,20512
2026,20,5,201,TERMINAL GAMMA,PACIFIC,21504,5696,25702
2026,20,6,201,TERMINAL GAMMA,PACIFIC,13659,4176,18919
2026,20,7,201,TERMINAL GAMMA,PACIFIC,1965,646,2612
2026,20,1,301,TERMINAL DELTA,PRAIRIES,1201,362,1542
2026,20,2,301,TERMINAL DELTA,PRAIRIES,19167,5432,23670
2026,20,3,301,TERMINAL DELTA,PRAIRIES,15383,4182,20386
2026,20,4,301,TERMINAL DELTA,PRAIRIES,18616,5838,24823
2026,20,5,301,TERMINAL DELTA,PRAIRIES,27109,9113,37265
2026,20,6,301,TERMINAL DELTA,PRAIRIES,19137,5927,25105
2026,20,7,301,TERMINAL DELTA,PRAIRIES,1436,432,1886
2026,20,1,401,TERMINAL EPSILON,QUEBEC,815,251,989
2026,20,2,401,TERMINAL EPSILON,QUEBEC,17283,5299,22650
2026,20,3,401,TERMINAL EPSILON,QUEBEC,27736,7916,37133
2026,20,4,401,TERMINAL EPSILON,QUEBEC,19991,6028,27037
2026,20,5,401,TERMINAL EPSILON,QUEBEC,27207,7802,35796
2026,20,6,401,TERMINAL EPSILON,QUEBEC,19052,5136,24900
2026,20,7,401,TERMINAL EPSILON,QUEBEC,2093,609,2724
2026,21,1,12,TORONTO WEST,GREATER TORONTO AREA,1084,322,1398
2026,21,2,12,TORONTO WEST,GREATER TORONTO AREA,25154,8115,32324
2026,21,3,12,TORONTO WEST,GREATER TORONTO AREA,19546,5157,23804
2026,21,4,12,TORONTO WEST,GREATER TORONTO AREA,28556,8440,33819
2026,21,5,12,TORONTO WEST,GREATER TORONTO AREA,21314,6607,27605
2026,21,6,12,TORONTO WEST,GREATER TORONTO AREA,13150,3953,17209
2026,21,7,12,TORONTO WEST,GREATER TORONTO AREA,2307,720,2994
2026,21,1,40,NORTH BAY,NORTH EASTERN ONTARIO,713,222,920
2026,21,2,40,NORTH BAY,NORTH EASTERN ONTARIO,18228,5301,24595
2026,21,3,40,NORTH BAY,NORTH EASTERN ONTARIO,19343,5641,24108
2026,21,4,40,NORTH BAY,NORTH EASTERN ONTARIO,25752,8662,35998
2026,21,5,40,NORTH BAY,NORTH EASTERN ONTARIO,23168,6584,30291
2026,21,6,40,NORTH BAY,NORTH EASTERN ONTARIO,12634,3432,15720
2026,21,7,40,NORTH BAY,NORTH EASTERN ONTARIO,1708,488,2134
2026,21,1,41,SAULT STE MARIE,NORTH EASTERN ONTARIO,682,215,936
2026,21,2,41,SAULT STE MARIE,NORTH EASTERN ONTARIO,27421,7848,34916
2026,21,3,41,SAULT STE MARIE,NORTH EASTERN ONTARIO,24556,6914,30564
2026,21,4,41,SAULT STE MARIE,NORTH EASTERN ONTARIO,18138,5481,22066
2026,21,5,41,SAULT STE MARIE,NORTH EASTERN ONTARIO,19727,6103,25555
2026,21,6,41,SAULT STE MARIE,NORTH EASTERN ONTARIO,16934,4795,22906
2026,21,7,41,SAULT STE MARIE,NORTH EASTERN ONTARIO,2210,659,3064
2026,21,1,101,TERMINAL ALPHA,GREATER TORONTO AREA,817,256,1076
2026,21,2,101,TERMINAL ALPHA,GREATER TORONTO AREA,20004,6457,27135
2026,21,3,101,TERMINAL ALPHA,GREATER TORONTO AREA,25169,6767,32680
2026,21,4,101,TERMINAL ALPHA,GREATER TORONTO AREA,29067,7836,38287
2026,21,5,101,TERMINAL ALPHA,GREATER TORONTO AREA,16393,4895,21350
2026,21,6,101,TERMINAL ALPHA,GREATER TORONTO AREA,11779,3668,15789
2026,21,7,101,TERMINAL ALPHA,GREATER TORONTO AREA,2137,714,2778
2026,21,1,102,TERMINAL BETA,ATLANTIC,983,269,1278
2026,21,2,102,TERMINAL BETA,ATLANTIC,19859,6612,27546
2026,21,3,102,TERMINAL BETA,ATLANTIC,18487,6142,23857
2026,21,4,102,TERMINAL BETA,ATLANTIC,25774,8621,35129
2026,21,5,102,TERMINAL BETA,ATLANTIC,24404,7510,32907
2026,21,6,102,TERMINAL BETA,ATLANTIC,15259,4420,19483
2026,21,7,102,TERMINAL BETA,ATLANTIC,1973,628,2418
2026,21,1,201,TERMINAL GAMMA,PACIFIC,880,295,1188
2026,21,2,201,TERMINAL GAMMA,PACIFIC,17339,5228,23054
2026,21,3,201,TERMINAL GAMMA,PACIFIC,17868,5683,23596
2026,21,4,201,TERMINAL GAMMA,PACIFIC,15977,4455,19797
2026,21,5,201,TERMINAL GAMMA,PACIFIC,24091,7383,31370
2026,21,6,201,TERMINAL GAMMA,PACIFIC,12807,3719,16662
2026,21,7,201,TERMINAL GAMMA,PACIFIC,1608,525,2105
2026,21,1,301,TERMINAL DELTA,PRAIRIES,1289,372,1684
2026,21,2,301,TERMINAL DELTA,PRAIRIES,18245,4936,22904
2026,21,3,301,TERMINAL DELTA,PRAIRIES,16250,5411,22258
2026,21,4,301,TERMINAL DELTA,PRAIRIES,15539,4389,19294
2026,21,5,301,TERMINAL DELTA,PRAIRIES,20632,6430,26892
2026,21,6,301,TERMINAL DELTA,PRAIRIES,19042,5507,24049
2026,21,7,301,TERMINAL DELTA,PRAIRIES,2955,786,3609
2026,21,1,401,TERMINAL EPSILON,QUEBEC,1122,362,1499
2026,21,2,401,TERMINAL EPSILON,QUEBEC,29999,9344,40617
2026,21,3,401,TERMINAL EPSILON,QUEBEC,22141,6276,28537
2026,21,4,401,TERMINAL EPSILON,QUEBEC,23258,7256,29453
2026,21,5,401,TERMINAL EPSILON,QUEBEC,16660,4671,20286
2026,21,6,401,TERMINAL EPSILON,QUEBEC,12588,4101,16806
2026,21,7,401,TERMINAL EPSILON,QUEBEC,2058,589,2473
2026,22,1,12,TORONTO WEST,GREATER TORONTO AREA,813,271,1137
2026,22,2,12,TORONTO WEST,GREATER TORONTO AREA,18822,6251,25566
2026,22,3,12,TORONTO WEST,GREATER TORONTO AREA,21462,6959,26714
2026,22,4,12,TORONTO WEST,GREATER TORONTO AREA,26761,9044,34698
2026,22,5,12,TORONTO WEST,GREATER TORONTO AREA,27087,9341,35412
2026,22,6,12,TORONTO WEST,GREATER TORONTO AREA,11527,3498,14809
2026,22,7,12,TORONTO WEST,GREATER TORONTO AREA,1951,568,2760
2026,22,1,40,NORTH BAY,NORTH EASTERN ONTARIO,1008,306,1274
2026,22,2,40,NORTH BAY,NORTH EASTERN ONTARIO,29989,9285,39686
2026,22,3,40,NORTH BAY,NORTH EASTERN ONTARIO,17698,5699,24266
2026,22,4,40,NORTH BAY,NORTH EASTERN ONTARIO,24004,7382,30632
2026,22,5,40,NORTH BAY,NORTH EASTERN ONTARIO,17261,5120,21891
2026,22,6,40,NORTH BAY,NORTH EASTERN ONTARIO,17275,5355,23131
2026,22,7,40,NORTH BAY,NORTH EASTERN ONTARIO,1334,405,1845
2026,22,1,41,SAULT STE MARIE,NORTH EASTERN ONTARIO,1100,301,1315
2026,22,2,41,SAULT STE MARIE,NORTH EASTERN ONTARIO,16662,4869,22003
2026,22,3,41,SAULT STE MARIE,NORTH EASTERN ONTARIO,22898,7068,30466
2026,22,4,41,SAULT STE MARIE,NORTH EASTERN ONTARIO,18395,5425,25155
2026,22,5,41,SAULT STE MARIE,NORTH EASTERN ONTARIO,15286,4296,18746
2026,22,6,41,SAULT STE MARIE,NORTH EASTERN ONTARIO,18843,5682,24364
2026,22,7,41,SAULT STE MARIE,NORTH EASTERN ONTARIO,2034,630,2670
2026,22,1,101,TERMINAL ALPHA,GREATER TORONTO AREA,1111,345,1442
2026,22,2,101,TERMINAL ALPHA,GREATER TORONTO AREA,18841,5699,23017
2026,22,3,101,TERMINAL ALPHA,GREATER TORONTO AREA,25720,7308,31046
2026,22,4,101,TERMINAL ALPHA,GREATER TORONTO AREA,22470,6984,30502
2026,22,5,101,TERMINAL ALPHA,GREATER TORONTO AREA,21144,6929,27003
2026,22,6,101,TERMINAL ALPHA,GREATER TORONTO AREA,10480,2760,13173
2026,22,7,101,TERMINAL ALPHA,GREATER TORONTO AREA,2162,630,2925
2026,22,1,102,TERMINAL BETA,ATLANTIC,933,289,1288
2026,22,2,102,TERMINAL BETA,ATLANTIC,19604,5912,26579
2026,22,3,102,TERMINAL BETA,ATLANTIC,15725,5302,20379
2026,22,4,102,TERMINAL BETA,ATLANTIC,14707,4064,18313
2026,22,5,102,TERMINAL BETA,ATLANTIC,13795,3864,17744
2026,22,6,102,TERMINAL BETA,ATLANTIC,16198,5039,21322
2026,22,7,102,TERMINAL BETA,ATLANTIC,2775,874,3544
2026,22,1,201,TERMINAL GAMMA,PACIFIC,1297,404,1698
2026,22,2,201,TERMINAL GAMMA,PACIFIC,19468,6440,25183
2026,22,3,201,TERMINAL GAMMA,PACIFIC,25319,6782,32145
2026,22,4,201,TERMINAL GAMMA,PACIFIC,28234,8598,36235
2026,22,5,201,TERMINAL GAMMA,PACIFIC,20788,6614,27884
2026,22,6,201,TERMINAL GAMMA,PACIFIC,15873,4850,19561
2026,22,7,201,TERMINAL GAMMA,PACIFIC,2121,578,2811
2026,22,1,301,TERMINAL DELTA,PRAIRIES,992,321,1253
2026,22,2,301,TERMINAL DELTA,PRAIRIES,15484,4415,21569
2026,22,3,301,TERMINAL DELTA,PRAIRIES,23672,7471,29838
2026,22,4,301,TERMINAL DELTA,PRAIRIES,20965,5993,28096
2026,22,5,301,TERMINAL DELTA,PRAIRIES,27475,8211,37242
2026,22,6,301,TERMINAL DELTA,PRAIRIES,12705,3559,17106
2026,22,7,301,TERMINAL DELTA,PRAIRIES,1428,413,1828
2026,22,1,401,TERMINAL EPSILON,QUEBEC,865,284,1164
2026,22,2,401,TERMINAL EPSILON,QUEBEC,29101,9632,38742
2026,22,3,401,TERMINAL EPSILON,QUEBEC,30383,9008,40796
2026,22,4,401,TERMINAL EPSILON,QUEBEC,20096,5851,26086
2026,22,5,401,TERMINAL EPSILON,QUEBEC,17844,5237,24280
2026,22,6,401,TERMINAL EPSILON,QUEBEC,19972,6230,24996
2026,22,7,401,TERMINAL EPSILON,QUEBEC,1642,497,2047
2026,23,1,12,TORONTO WEST,GREATER TORONTO AREA,1364,441,1732
2026,23,2,12,TORONTO WEST,GREATER TORONTO AREA,20260,5699,27229
2026,23,3,12,TORONTO WEST,GREATER TORONTO AREA,23868,7085,30044
2026,23,4,12,TORONTO WEST,GREATER TORONTO AREA,25056,7778,35509
2026,23,5,12,TORONTO WEST,GREATER TORONTO AREA,14716,4967,20611
2026,23,6,12,TORONTO WEST,GREATER TORONTO AREA,14131,4239,17905
2026,23,7,12,TORONTO WEST,GREATER TORONTO AREA,2658,721,3520
2026,23,1,40,NORTH BAY,NORTH EASTERN ONTARIO,913,285,1218
2026,23,2,40,NORTH BAY,NORTH EASTERN ONTARIO,31965,9487,40352
2026,23,3,40,NORTH BAY,NORTH EASTERN ONTARIO,14184,4344,19802
2026,23,4,40,NORTH BAY,NORTH EASTERN ONTARIO,22226,6332,29585
2026,23,5,40,NORTH BAY,NORTH EASTERN ONTARIO,26448,8244,34404
2026,23,6,40,NORTH BAY,NORTH EASTERN ONTARIO,12920,3414,15345
2026,23,7,40,NORTH BAY,NORTH EASTERN ONTARIO,1548,411,1954
2026,23,1,41,SAULT STE MARIE,NORTH EASTERN ONTARIO,1354,461,1769
2026,23,2,41,SAULT STE MARIE,NORTH EASTERN ONTARIO,17567,4948,21478
2026,23,3,41,SAULT STE MARIE,NORTH EASTERN ONTARIO,26131,8590,33651
2026,23,4,41,SAULT STE MARIE,NORTH EASTERN ONTARIO,23582,6693,32680
2026,23,5,41,SAULT STE MARIE,NORTH EASTERN ONTARIO,23545,6490,29287
2026,23,6,41,SAULT STE MARIE,NORTH EASTERN ONTARIO,14952,4335,18705
2026,23,7,41,SAULT STE MARIE,NORTH EASTERN ONTARIO,1691,477,2154
2026,23,1,101,TERMINAL ALPHA,GREATER TORONTO AREA,702,215,963
2026,23,2,101,TERMINAL ALPHA,GREATER TORONTO AREA,21028,6461,26651
2026,23,3,101,TERMINAL ALPHA,GREATER TORONTO AREA,19451,5758,25957
2026,23,4,101,TERMINAL ALPHA,GREATER TORONTO AREA,15188,4225,18662
2026,23,5,101,TERMINAL ALPHA,GREATER TORONTO AREA,18818,6079,24257
2026,23,6,101,TERMINAL ALPHA,GREATER TORONTO AREA,14585,4206,19502
2026,23,7,101,TERMINAL ALPHA,GREATER TORONTO AREA,2383,637,3128
2026,23,1,102,TERMINAL BETA,ATLANTIC,840,271,1106
2026,23,2,102,TERMINAL BETA,ATLANTIC,22482,6082,27566
2026,23,3,102,TERMINAL BETA,ATLANTIC,25002,7118,32719
2026,23,4,102,TERMINAL BETA,ATLANTIC,23011,6514,30647
2026,23,5,102,TERMINAL BETA,ATLANTIC,15946,4496,19399
2026,23,6,102,TERMINAL BETA,ATLANTIC,14365,4155,19034
2026,23,7,102,TERMINAL BETA,ATLANTIC,1858,599,2363
2026,23,1,201,TERMINAL GAMMA,PACIFIC,969,286,1285
2026,23,2,201,TERMINAL GAMMA,PACIFIC,31104,8621,40089
2026,23,3,201,TERMINAL GAMMA,PACIFIC,17664,5025,23106
2026,23,4,201,TERMINAL GAMMA,PACIFIC,24691,6708,32165
2026,23,5,201,TERMINAL GAMMA,PACIFIC,17536,4801,22161
2026,23,6,201,TERMINAL GAMMA,PACIFIC,15465,4583,19913
2026,23,7,201,TERMINAL GAMMA,PACIFIC,1864,607,2441
2026,23,1,301,TERMINAL DELTA,PRAIRIES,1286,381,1698
2026,23,2,301,TERMINAL DELTA,PRAIRIES,20169,6047,27040
2026,23,3,301,TERMINAL DELTA,PRAIRIES,15054,4198,19127
2026,23,4,301,TERMINAL DELTA,PRAIRIES,14564,4019,18132
2026,23,5,301,TERMINAL DELTA,PRAIRIES,25553,8227,32993
2026,23,6,301,TERMINAL DELTA,PRAIRIES,15899,4664,21481
2026,23,7,301,TERMINAL DELTA,PRAIRIES,1991,662,2612
2026,23,1,401,TERMINAL EPSILON,QUEBEC,1000,335,1302
2026,23,2,401,TERMINAL EPSILON,QUEBEC,20462,5494,26629
2026,23,3,401,TERMINAL EPSILON,QUEBEC,22944,6728,31324
2026,23,4,401,TERMINAL EPSILON,QUEBEC,14778,4175,19386
2026,23,5,401,TERMINAL EPSILON,QUEBEC,15366,4671,21267
2026,23,6,401,TERMINAL EPSILON,QUEBEC,13156,3512,15995
2026,23,7,401,TERMINAL EPSILON,QUEBEC,1644,477,2191
2026,24,1,12,TORONTO WEST,GREATER TORONTO AREA,1095,301,1437
2026,24,2,12,TORONTO WEST,GREATER TORONTO AREA,25797,7903,34915
2026,24,3,12,TORONTO WEST,GREATER TORONTO AREA,19466,5687,27193
2026,24,4,12,TORONTO WEST,GREATER TORONTO AREA,19673,5272,24459
2026,24,5,12,TORONTO WEST,GREATER TORONTO AREA,24278,7208,28661
2026,24,6,12,TORONTO WEST,GREATER TORONTO AREA,17997,4985,23329
2026,24,7,12,TORONTO WEST,GREATER TORONTO AREA,2645,914,3544
2026,24,1,40,NORTH BAY,NORTH EASTERN ONTARIO,1126,361,1499
2026,24,2,40,NORTH BAY,NORTH EASTERN ONTARIO,19608,5706,24844
2026,24,3,40,NORTH BAY,NORTH EASTERN ONTARIO,24274,6666,32462
2026,24,4,40,NORTH BAY,NORTH EASTERN ONTARIO,13637,4053,17346
2026,24,5,40,NORTH BAY,NORTH EASTERN ONTARIO,15736,4436,19503
2026,24,6,40,NORTH BAY,NORTH EASTERN ONTARIO,17356,5304,21999
2026,24,7,40,NORTH BAY,NORTH EASTERN ONTARIO,2556,682,3212
2026,24,1,41,SAULT STE MARIE,NORTH EASTERN ONTARIO,1419,373,1842
2026,24,2,41,SAULT STE MARIE,NORTH EASTERN ONTARIO,27917,7614,35764
2026,24,3,41,SAULT STE MARIE,NORTH EASTERN ONTARIO,20401,6356,25463
2026,24,4,41,SAULT STE MARIE,NORTH EASTERN ONTARIO,15927,4985,21371
2026,24,5,41,SAULT STE MARIE,NORTH EASTERN ONTARIO,23850,7238,29973
2026,24,6,41,SAULT STE MARIE,NORTH EASTERN ONTARIO,15236,4780,19906
2026,24,7,41,SAULT STE MARIE,NORTH EASTERN ONTARIO,2151,677,2797
2026,24,1,101,TERMINAL ALPHA,GREATER TORONTO AREA,896,258,1175
2026,24,2,101,TERMINAL ALPHA,GREATER TORONTO AREA,24150,6908,31261
2026,24,3,101,TERMINAL ALPHA,GREATER TORONTO AREA,18800,5521,24202
2026,24,4,101,TERMINAL ALPHA,GREATER TORONTO AREA,16250,5016,23056
2026,24,5,101,TERMINAL ALPHA,GREATER TORONTO AREA,16004,4255,19545
2026,24,6,101,TERMINAL ALPHA,GREATER TORONTO AREA,16909,4724,22001
2026,24,7,101,TERMINAL ALPHA,GREATER TORONTO AREA,2500,755,3210
2026,24,1,102,TERMINAL BETA,ATLANTIC,780,226,1065
2026,24,2,102,TERMINAL BETA,ATLANTIC,28539,8217,37155
2026,24,3,102,TERMINAL BETA,ATLANTIC,28588,9165,36794
2026,24,4,102,TERMINAL BETA,ATLANTIC,23213,7629,29492
2026,24,5,102,TERMINAL BETA,ATLANTIC,21754,6734,28940
2026,24,6,102,TERMINAL BETA,ATLANTIC,15706,5112,21264
2026,24,7,102,TERMINAL BETA,ATLANTIC,1480,491,2009
2026,24,1,201,TERMINAL GAMMA,PACIFIC,835,248,1020
2026,24,2,201,TERMINAL GAMMA,PACIFIC,23680,7155,29184
2026,24,3,201,TERMINAL GAMMA,PACIFIC,14223,4107,18778
2026,24,4,201,TERMINAL GAMMA,PACIFIC,26310,7420,34031
2026,24,5,201,TERMINAL GAMMA,PACIFIC,19698,6246,26160
2026,24,6,201,TERMINAL GAMMA,PACIFIC,13188,4299,17544
2026,24,7,201,TERMINAL GAMMA,PACIFIC,1537,513,2070
2026,24,1,301,TERMINAL DELTA,PRAIRIES,1402,409,1764
2026,24,2,301,TERMINAL DELTA,PRAIRIES,31430,9483,40656
2026,24,3,301,TERMINAL DELTA,PRAIRIES,25795,7292,34933
2026,24,4,301,TERMINAL DELTA,PRAIRIES,28846,7513,36277
2026,24,5,301,TERMINAL DELTA,PRAIRIES,22870,7025,29993
2026,24,6,301,TERMINAL DELTA,PRAIRIES,19079,5467,25750
2026,24,7,301,TERMINAL DELTA,PRAIRIES,1736,578,2320
2026,24,1,401,TERMINAL EPSILON,QUEBEC,1415,437,1811
2026,24,2,401,TERMINAL EPSILON,QUEBEC,23521,7489,29837
2026,24,3,401,TERMINAL EPSILON,QUEBEC,25674,7504,31866
2026,24,4,401,TERMINAL EPSILON,QUEBEC,15223,4651,19162
2026,24,5,401,TERMINAL EPSILON,QUEBEC,14389,4324,17370
2026,24,6,401,TERMINAL EPSILON,QUEBEC,12072,4065,16409
2026,24,7,401,TERMINAL EPSILON,QUEBEC,1976,614,2574
